Original,Replacement,Entity Type
KSH INTERNATIONAL LIMITED,Beasley-Frank Limited,ORG
the SEBI ICDR Regulations,Thomas LLC,ORG
Anchor Investors,Potter PLC,ORG
the Book Running Lead Managers,"Austin, Walker and Bryant",ORG
5:00 p.m.,[REDACTED_DATE_TIME],DATE_TIME
UPI,Olson-Parrish,ORG
"January 20, 2025","January 09, 1993",DATE
Central Processing Centre,"Morrison, Dixon and Friedman",ORG
"the Registrar of Companies,",Williams and Sons,ORG
"December 19, 2024","July 08, 1973",DATE
"December 11, 2024","July 16, 1986",DATE
Board,"Torres, Ballard and Wilson",ORG
"October 13, 2011","April 03, 1986",DATE
Maharashtra,Valdez-Herrera,ORG
the Registrar of Companies,"Beard, Watkins and Mccoy",ORG
Registrar of Companies,Jacobs Group,ORG
"August 16, 2011","October 05, 1972",DATE
"January 13, 2011","January 24, 1990",DATE
1956,[REDACTED_DATE_TIME],DATE_TIME
Registrar of Companies Maharashtra,Parsons Inc,ORG
"July 4, 1996","October 11, 1996",DATE
"June 24, 1996","June 19, 2007",DATE
"June 1, 1996","May 20, 2007",DATE
Bombay,East Jonathan,LOCATION
"July 30, 1979","October 26, 1972",DATE
+ 91 20 4505 3237,+91 20 48462952,PHONE_NUMBER
India,Kennethbury,LOCATION
Maharashtra,Destinyside,LOCATION
411 045,270 226,POSTAL_CODE
Pune,New Melissachester,LOCATION
Baner,West Laurenhaven,LOCATION
Off Pallod Farms,"Fisher, Valencia and Adams",ORG
Montreal Business Centre,Martin-Peters,ORG
Corporate Office,"Lynch, Woods and Collins",ORG
410 501,898 490,POSTAL_CODE
Chakan Taluka - Khed,Rodney Jackson,PERSON
Village Birdewadi,Lake Ryan,LOCATION
This Red Herring Prospectus,Johnson Inc,ORG
KSH International Limited,"Trujillo, Jones and Shaw Limited",ORG
SCRR,Daniel Nichols,PERSON
Technical and Industry Related Terms,Richardson-Turner,ORG
Key Financial and Operating Metrics,Delgado-Ramos,ORG
Sweden,Haleyview,LOCATION
the European Union,Mann Ltd,ORG
EU,Chavez-Li,ORG
the United States of America,Romeroland,LOCATION
the “United States,Port Nicole,LOCATION
U.S.,West Maryfort,LOCATION
USA,Jamesmouth,LOCATION
US,East Erica,LOCATION
the Government of India,Fisher PLC,ORG
the “State Government,Morales Inc,ORG
the Republic of India,East Ricardoshire,LOCATION
this Red Herring Prospectus,Watts and Sons,ORG
Financial Data,Ferguson and Sons,ORG
the year ended on March 31,[REDACTED_DATE_TIME],DATE_TIME
a Fiscal/Fiscal Year,"Mcdonald, Morales and Howell",ORG
that particular calendar year,[REDACTED_DATE_TIME],DATE_TIME
March 31,[REDACTED_DATE_TIME],DATE_TIME
April 1,[REDACTED_DATE_TIME],DATE_TIME
12-month,[REDACTED_DATE_TIME],DATE_TIME
a particular financial year or,[REDACTED_DATE_TIME],DATE_TIME
financial year,[REDACTED_DATE_TIME],DATE_TIME
the Restated Financial Statements,"Hernandez, Thompson and Richardson",ORG
the Indian Accounting Standards,Jimenez Group,ORG
ICAI,"Preston, Owens and Roberts",ORG
2019,[REDACTED_DATE_TIME],DATE_TIME
SEBI ICDR Regulations,Lyons-Williams,ORG
2023,[REDACTED_DATE_TIME],DATE_TIME
2024,[REDACTED_DATE_TIME],DATE_TIME
"March 31, 2023","May 05, 1979",DATE
"March 31, 2024","November 20, 1981",DATE
2025,[REDACTED_DATE_TIME],DATE_TIME
the years ended March 31,[REDACTED_DATE_TIME],DATE_TIME
"June 30, 2025","October 14, 1981",DATE
three-months,[REDACTED_DATE_TIME],DATE_TIME
"the three months period ended June 30, 2025",[REDACTED_DATE_TIME],DATE_TIME
IFRS,"Turner, Bruce and Fisher",ORG
Ind AS,"Smith, Mcclure and Soto",ORG
United States,Evanston,LOCATION
Company,Stephenson-Foley,ORG
2013,[REDACTED_DATE_TIME],DATE_TIME
Non-GAAP Financial,"Walker, Martinez and Ferguson",ORG
Adjusted EBITDA,Blair Inc,ORG
EBITDA Margin,Jackson Inc,ORG
EBITDA,Lester Inc,ORG
the Promoter Selling Shareholders,Marquez-Russell,ORG
CareEdge Research,"Gomez, Castro and Malone",ORG
"November 26, 2025","July 12, 1981",DATE
"December 2, 2024","June 25, 1975",DATE_OF_BIRTH
Offer,Andrews Inc,ORG
CARE Analytics and Advisory Private Limited,Delgado-Sanders Pvt Ltd,ORG
the CARE Report,Greer-Choi,ORG
₹,Sweeney Group,ORG
₹,Port Andrea,LOCATION
Syndicate,Cooper LLC,ORG
the Stock Exchanges,Summers and Sons,ORG
SEBI,Petersen PLC,ORG
84,[REDACTED_DATE_TIME],DATE_TIME
Fiscal 2025,[REDACTED_DATE_TIME],DATE_TIME
Waterloo Industrial Park VI Private Limited,Wagner-Brewer Pvt Ltd,ORG
Kanchenjunga Family Trust,Garza-Hamilton,ORG
Annapurna Family Trust,Gilbert-Cunningham,ORG
Broad Family Trust,"Bailey, Wilcox and Lopez",ORG
Makalu Family Trust,Brown-Ward,ORG
Everest Family Trust,Washington-Blair,ORG
Dhaulagiri Family Trust,Martin-Smith,ORG
Rakhi Girija Shetty,April Wolf,PERSON
Rohit Kushal Hegde,Kimberly Barnes,PERSON
Rajesh Kushal Hegde,Ashley Ferguson,PERSON
Pushpa Kushal Hegde,Evan Hanson,PERSON
Kushal Subbayya Hegde,Bradshaw-Haley,ORG
"May 6, 2025","March 25, 2010",DATE
the Offered 	Shares,"Foster, Santos and Whitehead",ORG
the Offer for Sale,"Cochran, Rios and Pena",ORG
The Net Proceeds,Pierce-Green,ORG
Prospectus,Pineda and Sons,ORG
the Offer Price,Tran Inc,ORG
our Promoter Group,Manning Ltd,ORG
the Basis of Allotment,Rodriguez Group,ORG
Equity Share,Mcintyre Ltd,ORG
Fiscals 2025,East Hollyhaven,LOCATION
three-month,[REDACTED_DATE_TIME],DATE_TIME
capital reserve,"Henry, Garrett and Cabrera",ORG
Ind AS 33,Smith-Allison,ORG
The Split of Equity Shares,"Lewis, Bennett and Mills",ORG
Indian Accounting Standard,Sutton-Carroll,ORG
EPS,"Pearson, Patel and Larson",ORG
Bonus Issue,"Anderson, Hawkins and Adkins",ORG
Split of Equity Shares,Parker Ltd,ORG
the year,[REDACTED_DATE_TIME],DATE_TIME
the Company / Net Worth,Patton-Wood,ORG
the Statutory Auditors,"Parsons, Miller and Harris",ORG
Senior Management,"Wilkinson, Jackson and Adams",ORG
the Materiality Policy,Cabrera PLC,ORG
Ganesh Prasad,Jasmine Salazar,PERSON
CS,Jackson-Sanders,ORG
Sarthak Malvadkar,Jamie Lewis,PERSON
CFO,Mooney-Walker,ORG
Amod Joshi,Bethany Dorsey,PERSON
Sandesh Bhagwat,Michael Zavala,PERSON
Group Companies,Pena Group,ORG
Ind,"Johnson, Phillips and Andrews",ORG
Key Managerial Personnel,"Adams, Silva and Townsend",ORG
Related Party Transaction,Thomas Group,ORG
a period of six months,[REDACTED_DATE_TIME],DATE_TIME
the last one year,[REDACTED_DATE_TIME],DATE_TIME
"February 11, 2025","September 28, 1975",DATE
"February 10, 2025","June 03, 2009",DATE
"December 10, 2025","August 18, 1971",DATE
Chartered Accountants,Wells PLC,ORG
Kirtane & Pandit LLP,Rangel and Sons LLP,ORG
"February 21, 2025","September 27, 1998",DATE
three years,[REDACTED_DATE_TIME],DATE_TIME
18 months,[REDACTED_DATE_TIME],DATE_TIME
last one year,[REDACTED_DATE_TIME],DATE_TIME
eighteen months and,[REDACTED_DATE_TIME],DATE_TIME
last 3 years,[REDACTED_DATE_TIME],DATE_TIME
the three years preceding the date of this,[REDACTED_DATE_TIME],DATE_TIME
the Promoter Group,Terry LLC,ORG
the three years,[REDACTED_DATE_TIME],DATE_TIME
Secondary Transfer of Equity,Middleton PLC,ORG
March 31 of each year,[REDACTED_DATE_TIME],DATE_TIME
year,[REDACTED_DATE_TIME],DATE_TIME
the relevant year,[REDACTED_DATE_TIME],DATE_TIME
years ended March 31,[REDACTED_DATE_TIME],DATE_TIME
the relevant calendar year,[REDACTED_DATE_TIME],DATE_TIME
particular year,[REDACTED_DATE_TIME],DATE_TIME
Care Analytics and Advisory Private Limited,"Chaney, Thompson and Smith Pvt Ltd",ORG
Fiscals,Robert Ray,PERSON
Fiscals,Lopez LLC,ORG
the Offer Documents,Anderson-Morgan,ORG
Virginia Transformer Corporation,"Beard, Hill and Martin",ORG
India) Limited,"Ramirez, Hart and Miller Limited",ORG
Transformers & Rectifiers,"Sellers, Clark and Powell",ORG
Nidec Industrial Automation India Private Limited,"Friedman, Coleman and Beck Pvt Ltd",ORG
Georgia Transformer Corporation,Kirby-Anderson,ORG
Emirates Transformer & Switchgear Limited,Edwards-Bartlett Limited,ORG
CG Power and Industrial Solutions Limited,Nguyen-Cole Limited,ORG
Bharat Bijlee Limited,Brooks-Murphy Limited,ORG
Al-Ahleia Switchgear Co.,"Cameron, Ramos and Brown",ORG
the period/ financial year,[REDACTED_DATE_TIME],DATE_TIME
17,[REDACTED_DATE_TIME],DATE_TIME
14,[REDACTED_DATE_TIME],DATE_TIME
Vedanta Limited Sterlite Copper,Patel Group Limited,ORG
Union Copper Rod LLC,"Phillips, King and Armstrong",ORG
Savli Copper Products Private Limited,Barnes Group Pvt Ltd,ORG
Polycom Associates,Ortiz-Nguyen,ORG
Hindalco Industries Limited,"Cook, Evans and Brown Limited",ORG
Elantas Beck India Limited,"Henderson, Michael and Smith Limited",ORG
Cindus Corporation,Cunningham and Sons,ORG
Ahlstrom Sweden AB,Myers-Moore,ORG
London Metal Exchange,Ward PLC,ORG
UAE,East Andrew,LOCATION
Gujarat,North Hannahmouth,LOCATION
the Power Sector,Cunningham-Thomas,ORG
EV,"Garrison, Calderon and Young",ORG
Power Sector,"Gutierrez, Johnson and Schneider",ORG
the Proposed Capital Expenditure,Johnson Ltd,ORG
the Net Proceeds,Moore and Sons,ORG
the KSH International Chakan Internal Kamgar Sangathna,Edwards PLC,ORG
our Supa Facility,North Sean,LOCATION
Ahilyanagar,New Joycehaven,LOCATION
Supa,Nguyen-Alvarado,ORG
MT,West Jennifer,LOCATION
September 2025,[REDACTED_DATE_TIME],DATE_TIME
Supa Facility,Sarah Woods,PERSON
"March 31, 2025","August 03, 1998",DATE
Ahmednagar,Miguel Rodriguez,PERSON
Ahilyanagar,Lindsay Perez,PERSON
Supa,Erica Alvarado,PERSON
the Supa Facility,"Gray, Johnson and Sullivan",ORG
Chakan,North Linda,LOCATION
CTC,"Hernandez, Cole and Hill",ORG
empaneled PICC,White-Weiss,ORG
"Business - Quality Control, Services",Lindsey-Nguyen,ORG
"Ministry of Commerce and Industry, Government of India",James-Brown,ORG
the periods/ years,[REDACTED_DATE_TIME],DATE_TIME
the Fiscal 2024,[REDACTED_DATE_TIME],DATE_TIME
the Pune Metropolitan Region Development Authority,"Murphy, Colon and Palmer",ORG
KSH International Private Limited,"Ross, Smith and Olson Pvt Ltd",ORG
1975,[REDACTED_DATE_TIME],DATE_TIME
Callings and Employment Act,Jones Group,ORG
"the Maharashtra State Tax on Professions, Trades",Hickman-Vang,ORG
Maharashtra Sales Tax Department,"Sharp, Friedman and Brown",ORG
Net Proceeds,Jackson-Ellis,ORG
MCA Portal,"Lee, Hamilton and Rodriguez",ORG
the Ministry of Corporate Affairs,Huff Ltd,ORG
85,[REDACTED_DATE_TIME],DATE_TIME
"May 21, 2025","June 13, 1971",DATE
the Practicing Company,Huff-Bradley,ORG
Kanj and Co LLP,Smith Inc LLP,ORG
Karunakar N. Bhandary,Matthew Adams,PERSON
"June 29, 1979","July 12, 1998",DATE
MoA,Port Debbieberg,LOCATION
Jayaram N. Shetty,Jessica Bell,PERSON
Narayna B. Shetty,Dustin King,PERSON
"August 25, 1979","December 25, 2005",DATE
RoC,Susanton,LOCATION
Red Herring Prospectus,"Santos, Johnson and Moreno",ORG
days,[REDACTED_DATE_TIME],DATE_TIME
COGS,"Moses, Wood and Huff",ORG
Trade,Curtis Group,ORG
365 or 91 days,[REDACTED_DATE_TIME],DATE_TIME
"Company, Promoters or Directors","York, Cox and Johnson",ORG
the Independent Chartered Engineer,"Griffin, Wolfe and Alvarez",ORG
annual,[REDACTED_DATE_TIME],DATE_TIME
monthly,[REDACTED_DATE_TIME],DATE_TIME
CTO,"Smith, Vincent and Myers",ORG
the Maharashtra Pollution Control Board for Phase,"Ali, Clark and Fisher",ORG
"September 	19, 2025","September 16, 2005",DATE
414 301,720 240,POSTAL_CODE
Ahmednagar,Brownville,LOCATION
Dist,Port Lydiafort,LOCATION
Taluka Parner,Randy Johnson,PERSON
Mauje Palve Khurd,Amy Schmidt,PERSON
Supa Parner Industrial Park,Ronald Grant,PERSON
Fiscal 2020,[REDACTED_DATE_TIME],DATE_TIME
Supa Ahilyanagar,Ashley Turner,PERSON
Manufacturing Facilities,Medina Group,ORG
Supa,Nguyenside,LOCATION
Taloja,North Charles,LOCATION
"October 31, 2025","February 21, 1971",DATE
16949,384-922-6338,PHONE_NUMBER
ISO 9001:2015,Newman-Henderson,ORG
GST,Dickerson-Morris,ORG
labour welfare fund,Moreno PLC,ORG
TDS,Anderson and Sons,ORG
1948,[REDACTED_DATE_TIME],DATE_TIME
1952,[REDACTED_DATE_TIME],DATE_TIME
June 2021,[REDACTED_DATE_TIME],DATE_TIME
MW,Greene PLC,ORG
years,[REDACTED_DATE_TIME],DATE_TIME
₹12.62 million,Cantrell-Smith,ORG
₹4.49 million,Fritz-Davis,ORG
Care Ratings Limited,Johnson-Stout Limited,ORG
SEK,Samanthashire,LOCATION
EURO,"Smith, Curry and Terry",ORG
USD,Pittmanmouth,LOCATION
"August 2, 2023","May 12, 1973",DATE
a period of,[REDACTED_DATE_TIME],DATE_TIME
Bank,Hutchinson-Mendoza,ORG
Promoter Group,"Jacobs, Bauer and Alvarez",ORG
Individual Promoters Kushal Subbayya Hegde,"Bradley, Patterson and Warren",ORG
Individual Promoters,Blair-Campos,ORG
"June 30, 2025","October 14, 1981",DATE_OF_BIRTH
Ajay Shriram Patil,Patrick Martinez,PERSON
Dinesh Hirachand Munot,Daniel Munoz,PERSON
Independent Directors,"Glenn, Johnson and Reese",ORG
several years,[REDACTED_DATE_TIME],DATE_TIME
the Board of Directors,Solis Group,ORG
MIP,"Shannon, Daugherty and Medina",ORG
the Maharashtra Industrial Policy,"Petty, Evans and Ramos",ORG
the Maharashtra State Government,Ferguson-Jones,ORG
"February 5, 2025","August 15, 1993",DATE
the Group Entities,"Jackson, Black and Roberts",ORG
"November 27, 2025","March 07, 2000",DATE
"May 22, 2025","November 20, 2010",DATE
Private Limited,Zimmerman Inc Pvt Ltd,ORG
Waterloo Industrial Park IX,West Jacobstad,LOCATION
xvii,Johnson-Smith,ORG
Waterloo Industrial Park IX Private Limited,New Amyton,LOCATION
xv,Henry-Wells,ORG
Waterloo Industrial Park VIII Private Limited,West Nicoleland,LOCATION
Waterloo Industrial Park V Private Limited,New Beth,LOCATION
Waterloo Industrial Park IV Private Limited,Allen-Munoz Pvt Ltd,ORG
Waterloo Industrial Park III Private Limited,Andersonfort,LOCATION
Waterloo Industrial Park II Private Limited,North Christopher,LOCATION
Waterloo Industrial Park I Private Limited,Port Maryport,LOCATION
Electricals Private Limited,Barker-Lester Pvt Ltd,ORG
Kushal Motors,Hall-Perez,ORG
Project Management Services Private Limited,Hoffman and Sons Pvt Ltd,ORG
Waterloo Motors Private Limited,Landry-Simmons Pvt Ltd,ORG
Transit Insurance and Burglary Policies,Randall PLC,ORG
Marine Insurance,"Moreno, Bell and Kelly",ORG
Bank Balances and Advances and Other Assets,"Cooper, Guzman and Chandler",ORG
Bank Balances,Garcia-Sosa,ORG
Freehold Land and Leasehold Land,Ramsey and Sons,ORG
Capital Work in Progress and Inventory,"Smith, Braun and Salazar",ORG
"Fiscal 2025, 2024",[REDACTED_DATE_TIME],DATE_TIME
"January 14, 2025","April 07, 1995",DATE
Audit Committee,Cooper-Frost,ORG
the Fiscals 2025,Shaw Ltd,ORG
Cloud Services Vendor,Collins-Torres,ORG
"December 20, 2021","January 24, 2003",DATE
Pushpa Hegde,Thomas Ibarra,PERSON
106,[REDACTED_DATE_TIME],DATE_TIME
"December 6, 2025","October 20, 1976",DATE
IPO Committee,"Smith, Garcia and Miller",ORG
1957,[REDACTED_DATE_TIME],DATE_TIME
the Securities Contracts (Regulation) Rules,Thomas-Porter,ORG
the Designated Stock Exchange,"Schneider, Beard and Collins",ORG
Non-Institutional Investors,Lewis and Sons,ORG
the Retail Portion,"Collins, Perry and Armstrong",ORG
Retail Individual Investors,Robbins-Montgomery,ORG
Institutional Portion,Kemp-Barker,ORG
the Non-Institutional Portion,Bowers-Stafford,ORG
Non-Institutional Portion,"Hernandez, Foster and Neal",ORG
QIB,Sexton-Ward,ORG
the Mutual Fund Portion,Moore Ltd,ORG
Allotment,Taylor Inc,ORG
Mutual Funds,Perez-Lee,ORG
the Life Insurance Companies and Pension Funds,"Moore, Dunlap and Gamble",ORG
Life Insurance Companies and Pension Funds,Elliott-Williamson,ORG
Life Insurance Companies and Pension 	Funds,Robinson Ltd,ORG
Taluka-Khed,William Wilson,PERSON
141032,182 545,POSTAL_CODE
Maharashtra at Pune,Wells-Freeman,ORG
411 044,121 446,POSTAL_CODE
Akurdi,North Terri,LOCATION
Near Akurdi Railway Station,Gloriabury,LOCATION
"PCNTDA Green Building 
Block",Mccullough-James,ORG
Board of Directors,"Lindsey, Ferguson and Bennett",ORG
our Board of Directors,Jordan Group,ORG
Village Birdewadi,"Wilkinson, Hines and Le",ORG
11/5,[REDACTED_DATE_TIME],DATE_TIME
+ 91 20 45053237,+91 20 42991411,PHONE_NUMBER
"District 
Pune",Lake Mark,LOCATION
Taluka Khed,Kathryn Mueller,PERSON
Allotted Equity Shares,"Harris, Jenkins and Chase",ORG
Registrar,"Powell, Phelps and Daniel",ORG
Book Running Lead Managers,"Thomas, Jones and Gonzalez",ORG
ASBA,Miranda Inc,ORG
the Designated Intermediary(ies,Cooper Ltd,ORG
ASBA Account,"Kaiser, Booker and Kelly",ORG
PAN,"Keller, Nguyen and Martinez",ORG
UPI ID,"Scott, Wilcox and Perez",ORG
Client ID,Jones-Young,ORG
DP ID,"Arnold, Myers and Bowers",ORG
Bidder,Glass Inc,ORG
First Bidder,"Hall, Reid and Miller",ORG
the Anchor Investor Application Form,Pittman Ltd,ORG
the Anchor Investors,Norris-Cardenas,ORG
000166136,209.641.3660,PHONE_NUMBER
+ 91 22 4009 4400,+91 22 45791956,PHONE_NUMBER
400 051,536 695,POSTAL_CODE
Bandra East,Blakeland,LOCATION
Bandra Kurla Complex,Jameshaven,LOCATION
G Block,"Ford, Gomez and Colon",ORG
BKC,Richmond-Mullins,ORG
Wing A,Hess-Jones,ORG
Nuvama Wealth Management Limited,Williams Inc Limited,ORG
Kishan Ras,Derrick Fletcher,PERSON
+91 22 6807 7100,+91 22 41418809,PHONE_NUMBER
000011179,(201)939-0539x27737,PHONE_NUMBER
+91 22 4079 1000,+91 22 41936798,PHONE_NUMBER
400 013,524 738,POSTAL_CODE
Mumbai,North Angie,LOCATION
Lower Parel,Ashley Black,PERSON
Senapati,New Rebeccaland,LOCATION
Tower 2A & 2B,Walker-Morris,ORG
CIN,"Brown, Peters and Lopez",ORG
INR000004058,"Arnold, Elliott and Mcintyre",ORG
+91 81081 14949,+91 9651112890,PHONE_NUMBER
400083,818 665,POSTAL_CODE
Vikhroli,Bradley Smith,PERSON
1st Floor,White-Gibson,ORG
Embassy,Torres-Haney,ORG
MUFG Intime India Private Limited,Goodwin Group Pvt Ltd,ORG
Escrow Collection Bank,Spencer Ltd,ORG
HDFC Bank Limited,Stout-Coleman Limited,ORG
00000063,(256)800-5321,PHONE_NUMBER
Siddharth Jadhav/ Tushar Gavankar SEBI Registration,Erin Allen,PERSON
Pravin Teli/,Tammy Wolfe,PERSON
Eric Bacha/,Annette Smith,PERSON
+91 22 30752914,+91 22 47020795,PHONE_NUMBER
+91 22 30752928,+91 22 44477351,PHONE_NUMBER
+91 22 30752929,+91 22 42967484,PHONE_NUMBER
400042,282 119,POSTAL_CODE
Kanjurmarg,Steven Page,PERSON
Kanjurmarg Railway Station,West Chrishaven,LOCATION
Lodha,"Davenport, Brown and Butler",ORG
FIG-OPS Department,Lara-Harris,ORG
00000004,7848171838,PHONE_NUMBER
022-68052182,(897)547-4299x95984,PHONE_NUMBER
400020,953 206,POSTAL_CODE
Marg,Gordon Oconnell,PERSON
5th Floor,"Baker, Ochoa and Smith",ORG
"ICICI Bank Limited 
Capital Market Division",Jones Inc Limited,ORG
"HDFC Bank Limited 
HDFC Bank Limited",Ellis LLC Limited,ORG
Self-Certified Syndicate Banks,Ford LLC,ORG
UPI Mechanism,Davis-Parsons,ORG
SCSBs,Livingston LLC,ORG
Syndicate SCSB Branches,Morgan-Carter,ORG
Specified Locations,"Harris, Wilkins and Davis",ORG
the Specified Locations,Troymouth,LOCATION
the Broker Centres,Martin-Carroll,ORG
Share Transfer Agents,Rose-Winters,ORG
the Designated RTA Locations,Jeanettefort,LOCATION
the Designated CDP Locations,Brooks PLC,ORG
"October 18, 2025","February 05, 2010",DATE
Statutory Auditors,Aguilar LLC,ORG
LLP,Robertson PLC LLP,ORG
Kirtane & Pandit,"Merritt, Dodson and Murillo",ORG
Lalit Muljibhai Sarvaiya,Lake Joseph,LOCATION
Kanj & Co. LLP,Price-Lee LLP,ORG
014680,829 806,POSTAL_CODE
411 038,433 299,POSTAL_CODE
Kothrud,North Stevenville,LOCATION
Opp Harshal Hall,Port Dakota,LOCATION
Gopal House,Keith Martin,PERSON
Email,Antonio Bullock,PERSON
Monitoring Agency,"Shelton, Rodriguez and Bullock",ORG
CARE Ratings Limited,Palmer-Page Limited,ORG
Green Shoe Option,"Moreno, Meyers and Hoffman",ORG
the Draft Red Herring Prospectus,Lee PLC,ORG
Bandra,Lake Deniseport,LOCATION
"Securities and Exchange Board of India 
Corporation Finance Department Division of Issues",Gardner Ltd,ORG
the Book Building Process,"Garcia, Hanna and Watson",ORG
Working Days,[REDACTED_DATE_TIME],DATE_TIME
Marathi,Lopez Inc,ORG
Loksatta,Hughes-Thompson,ORG
Pune,"Tanner, Johnson and Black",ORG
daily,[REDACTED_DATE_TIME],DATE_TIME
Hindi,Mack-Paul,ORG
Financial Express,Carlson LLC,ORG
the Bid cum Application Forms and the Revision Forms,Dillon-Thompson,ORG
the Retail Individual Investors,Soto-Yates,ORG
the UPI Mechanism,Carlson-Collier,ORG
The Book Building Process,"Stephens, Holmes and Roberts",ORG
BRLM,"Coleman, Grimes and White",ORG
The Underwriting Agreement,Moran LLC,ORG
Basis of Allotment,Montgomery PLC,ORG
the Stock Exchange(s,Erickson-Ford,ORG
the last 10 years,[REDACTED_DATE_TIME],DATE_TIME
our Memorandum of Association,Clayton-Kelley,ORG
at least one year,[REDACTED_DATE_TIME],DATE_TIME
"RED HERRING PROSPECTUS 
	","Jones, Morales and White",ORG
"TE 
OFFICE",Chen LLC,ORG
Khed Pune,Sherriland,LOCATION
Birdewadi Chakan,Carolyn Medina,PERSON
Baner Pune,Port Billybury,LOCATION
"Off Pallod 
Farms",Stokes-Lewis,ORG
"Montreal Business 
Centre",Sosa-Adams,ORG
Sarthak Malvadkar Company,Christensen-Morrison,ORG
Christensen-Morrison,"Hardy, Eaton and Friedman",ORG
Antonio Bullock,Barbara Garcia,PERSON
WATERLOO INDUSTRIAL PARK VI PRIVATE LIMITED,Cooper-Mendoza Pvt Ltd,ORG
KANCHENJUNGA FAMILY TRUST,Hall Group,ORG
ANNAPURNA FAMILY TRUST,Waters Inc,ORG
BROAD FAMILY TRUST,Calhoun-Ramos,ORG
MAKALU FAMILY TRUST,Tran LLC,ORG
EVEREST FAMILY TRUST,Higgins and Sons,ORG
DHAULAGIRI FAMILY TRUST,Caldwell Inc,ORG
ROHIT KUSHAL HEGDE,Stacey Mcdaniel,PERSON
RAJESH KUSHAL HEGDE,Adam Freeman,PERSON
PUSHPA KUSHAL HEGDE,Mark Cohen,PERSON
Cooper-Mendoza Pvt Ltd,Lopez PLC Pvt Ltd,ORG
Hall Group,Johnson-Harmon,ORG
Calhoun-Ramos,Jacobsland,LOCATION
Tran LLC,Jacobs Ltd,ORG
Sons,Thornton-Maddox,ORG
Higgins,Karen Ramirez,PERSON
Caldwell Inc,Hall and Sons Inc.,ORG
Stacey Mcdaniel,Jennifer Page,PERSON
Adam Freeman,Catherine Ward,PERSON
Mark Cohen,Amy Moss,PERSON
Lopez PLC Pvt Ltd,Mathews-Spears Pvt Ltd,ORG
Johnson-Harmon,Briggs PLC,ORG
"Jacobsland, Waters Inc","Fernandez, Roberts and Taylor Inc.",ORG
Jacobs Ltd,Wood Ltd Limited,ORG
Thornton-Maddox,Teresa Cortez,PERSON
Karen Ramirez,Regina George,PERSON
Hall and Sons Inc.,Ramos-Johnson Inc.,ORG
Jennifer Page,Jessica Thompson,PERSON
Catherine Ward,Allison Patel,PERSON
Amy Moss,Danny Nelson,PERSON
Mathews-Spears Pvt Ltd,Taylor LLC Pvt Ltd,ORG
Briggs PLC,Arnold Ltd,ORG
Taylor Inc.,Walker-Scott Inc.,ORG
Roberts,Jamie Bowman,PERSON
Fernandez,Sean Smith,PERSON
Wood Ltd Limited,Hodges-Harrington Limited,ORG
Teresa Cortez,Lisa Palmer,PERSON
Regina George,Emily Flores,PERSON
Ramos-Johnson Inc.,Jenkins LLC Inc.,ORG
GIRIJA SHETTY,Nathan Walsh,PERSON
Jessica Thompson,Patricia Mathews,PERSON
Allison Patel,Natasha Moore,PERSON
Danny Nelson,Paul Collier,PERSON
Taylor LLC Pvt Ltd,Bishop-King Pvt Ltd,ORG
Arnold Ltd,"Parker, Jacobs and Rivas Limited",ORG
Walker-Scott Inc.,Turner and Sons Inc.,ORG
Jamie Bowman,Shawn Anderson,PERSON
Sean Smith,Rachel Wilson,PERSON
Hodges-Harrington Limited,Diaz LLC Limited,ORG
Lisa Palmer,Stephanie Li,PERSON
Emily Flores,Emma Jones,PERSON
Jenkins LLC Inc.,Martinez-Rodriguez Inc.,ORG
RAKHI Nathan Walsh,Franco-Kelley,ORG
Patricia Mathews,Jorge Davis,PERSON
Natasha Moore,Andrew Thompson,PERSON
Paul Collier,Lisa Anderson,PERSON
Bishop-King Pvt Ltd,Porter-Escobar Pvt Ltd,ORG
Rivas Limited,Jim Park,PERSON
Jacobs,Larsen-Jennings,ORG
Parker,Stewartville,LOCATION
Turner and Sons Inc.,Hubbard PLC Inc.,ORG
Shawn Anderson,Thomas Myers,PERSON
Rachel Wilson,Cynthia Mora,PERSON
Diaz LLC Limited,Torres-Perez Limited,ORG
Stephanie Li,Alicia Graham,PERSON
Emma Jones,Sharon Conrad,PERSON
Martinez-Rodriguez Inc.,"Thompson, Gomez and Perry Inc.",ORG
Franco-Kelley,Jessica Castro DDS,PERSON
Jorge Davis,Andrew Schultz,PERSON
Andrew Thompson,Hannah Mccormick,PERSON
Lisa Anderson,Terri Harding,PERSON
Porter-Escobar Pvt Ltd,"Young, Lopez and Harper Pvt Ltd",ORG
Jim Park,Elizabeth Nguyen,PERSON
Larsen-Jennings,"Norman, Hernandez and Rogers",ORG
Stewartville,Port Kim,LOCATION
Hubbard PLC Inc.,Glover Inc Inc.,ORG
Thomas Myers,Bruce Romero,PERSON
Cynthia Mora,Karen Robertson,PERSON
Torres-Perez Limited,David Peterson,PERSON
Alicia Graham,Sarah Graham,PERSON
Sharon Conrad,Elizabeth Moore,PERSON
Perry Inc.,Davis-Ryan Inc.,ORG
Gomez,Sharon Schroeder,PERSON
Thompson,Rachel Kelley,PERSON
Jessica Castro DDS,Emily Parks,PERSON
Andrew Schultz,Heidi Jones,PERSON
Hannah Mccormick,John Bennett,PERSON
Terri Harding,Morgan Douglas,PERSON
THE OFFER TO PUBLIC,Johnson Inc,ORG
Johnson Inc,"Lynch, Carrillo and May Inc.",ORG
May Inc.,[REDACTED_DATE_TIME],DATE_TIME
Carrillo,Sierra Scott,PERSON
Lynch,West Derek,LOCATION
Sierra Scott,Robert Martin,PERSON
West Derek,Tammy Johnson,PERSON
Robert Martin,Cody Hunter,PERSON
Tammy Johnson,Mrs. Amanda Walsh,PERSON
Cody Hunter,Kathy Anderson,PERSON
Amanda Walsh,Jackie Lopez,PERSON
Kathy Anderson,Todd George,PERSON
Jackie Lopez,Shelby Duncan,PERSON
"₹4,200.00 million","Kelley, Schneider and Jones",ORG
"Retail Individual 
Investors","Daniels, Lopez and Jackson",ORG
Qualified Institutional Buyers,"Franklin, Moreno and Hansen",ORG
2018,[REDACTED_DATE_TIME],DATE_TIME
the Securities and Exchange Board of India (Issue of Capital and Disclosure Requirements) Regulations,Underwood-Yates,ORG
Jackson,Yesenia Hunt,PERSON
Lopez,Joseph Cooke,PERSON
Daniels,Julie Cordova,PERSON
"Hansen, Lewis and Sons",Brown LLC,ORG
Moreno,Vickie Hughes,PERSON
Franklin,Singh and Sons,ORG
Underwood-Yates,"White, Jacobs and Galvan",ORG
Sweeney Group,Ortiz LLC,ORG
Marquez-Russell,Alexis Travis,PERSON
"August 18, 1971","November 11, 1984",DATE
Wells PLC,Carroll and Sons,ORG
Sons LLP,Jacobson and Sons LLP,ORG
Rangel,Kristie West,PERSON
Adkins,Denise Scott,PERSON
Hawkins,Connie Evans,PERSON
Anderson,Jessica Sullivan,PERSON
Parker Ltd,"Bryan, Reynolds and Jackson Limited",ORG
Alexis Travis,Allison Johnson,PERSON
"November 11, 1984","October 15, 1982",DATE
Aguilar LLC,"Oconnell, Cabrera and Sims",ORG
Carroll,Anderson-Taylor,ORG
Jacobson,Kristin Hale,PERSON
Kristie West,Jeffrey Carter,PERSON
Denise Scott,Kevin Thomas,PERSON
Connie Evans,Kyle Jordan,PERSON
Jessica Sullivan,Victor Buckley,PERSON
Jackson Limited,Wise-Bowers Limited,ORG
Reynolds,Daniel Hernandez,PERSON
Bryan,Kristen Cohen,PERSON
Allison Johnson,David Jensen,PERSON
"October 15, 1982","October 02, 1992",DATE
Sims,Daniel-Jacobs,ORG
Cabrera,David Whitaker,PERSON
Oconnell,Mitchell Brown,PERSON
Anderson-Taylor,Michael Thomas,PERSON
Kristin Hale,Peter Hancock,PERSON
Jeffrey Carter,Sara Ashley,PERSON
Kevin Thomas,Patricia Perkins,PERSON
Kyle Jordan,Laura Gomez,PERSON
Victor Buckley,David English,PERSON
Wise-Bowers Limited,Gutierrez-Rodriguez Limited,ORG
Daniel Hernandez,Logan Garcia,PERSON
Kristen Cohen,Sandra Sanchez,PERSON
the Book Building Process,New Tammystad,LOCATION
Cap Price,Anna Baker,PERSON
The Floor Price,Lopez LLC,ORG
New Tammystad,New Danielle,LOCATION
Thomas LLC,Green Group,ORG
Bryant,Kara Smith,PERSON
Walker,Gary Morse,PERSON
Austin,Ortizton,LOCATION
Anna Baker,Anne Henderson,PERSON
Lopez LLC,Jennifer Marquez,PERSON
New Danielle,Hickshaven,LOCATION
Green Group,Wilson LLC,ORG
Kara Smith,Derek Tate,PERSON
Gary Morse,Charles Campbell,PERSON
Ortizton,Elizabeth Ross,PERSON
Anne Henderson,Cory Martinez,PERSON
Jennifer Marquez,Brandon Lewis,PERSON
Hickshaven,Williams PLC,ORG
Wilson LLC,"Wong, Ramirez and Aguilar",ORG
Derek Tate,Ethan Hampton,PERSON
Charles Campbell,Justin Campos,PERSON
Elizabeth Ross,Wayne Garcia,PERSON
Cory Martinez,Joyce Lam,PERSON
Brandon Lewis,Darlene Taylor,PERSON
the Securities and Exchange Board,Clark-Harrison,ORG
Clark-Harrison,Courtney Melendez,PERSON
the Andrews Inc,Conner and Sons Inc.,ORG
Courtney Melendez,Glenda Frazier,PERSON
Conner and Sons Inc.,Raymond-Joseph Inc.,ORG
Glenda Frazier,Christopher Silva,PERSON
Raymond-Joseph Inc.,Rogers-Allen Inc.,ORG
Stephenson-Foley,William Goodman,PERSON
Petersen PLC,Lopez PLC,ORG
Kennethbury,Frances Mccoy,PERSON
Lopez PLC,Jennings-Miller,ORG
Frances Mccoy,Christopher Perez,PERSON
Jennings-Miller,Hurst and Sons,ORG
Christopher Perez,Tracy Garcia,PERSON
Hurst,Cunningham Inc,ORG
Tracy Garcia,Jennifer Taylor,PERSON
ISSUER,"Garcia, James and Hobbs",ORG
Hobbs,Douglas Phelps,PERSON
James,Jamie Atkins,PERSON
Garcia,Thomas Bradley,PERSON
Douglas Phelps,Joel Henderson,PERSON
Jamie Atkins,Mark Johnson,PERSON
Thomas Bradley,Kiara Wright,PERSON
Joel Henderson,Adam Thompson,PERSON
Mark Johnson,Melissa Anderson,PERSON
Kiara Wright,Samantha Myers,PERSON
Adam Thompson’S,Christina Moreno,PERSON
Melissa Anderson,David Choi,PERSON
Samantha Myers,Samuel Pearson,PERSON
Pena,Kevin Lee,PERSON
Rios,Anna Lee,PERSON
Cochran,Lake Thomas,LOCATION
Kevin Lee,Vincent Walker,PERSON
Anna Lee,Dr. William Everett,PERSON
Lake Thomas,West Cindy,LOCATION
Vincent Walker,Darin Cox,PERSON
William Everett,Howard Mendez,PERSON
West Cindy,Port Stacychester,LOCATION
David Jensen,John Powers,PERSON
Darin Cox,Russell Smith,PERSON
Howard Mendez,Lauren Mcintosh,PERSON
Port Stacychester,Haleyfurt,LOCATION
Rogers-Allen Inc.,Cervantes-Clay Inc.,ORG
BSE,"West, Griffith and Cantrell",ORG
the “Stock Exchanges,Jackson-James,ORG
National Stock Exchange of India Limited,"Adams, Williams and Gutierrez Limited",ORG
the BSE Limited,Quinn-Hunt Limited,ORG
Cantrell,Jason Martin,PERSON
Griffith,Emily Roman,PERSON
West,New Brookeport,LOCATION
Collins,Austin Moore,PERSON
Beard,Nicole Haney,PERSON
Schneider,Mark Macdonald,PERSON
Jackson-James,"Powell, Cochran and Walker",ORG
West,Kelly Bell,PERSON
NSE,Brown-Choi,ORG
Gutierrez Limited,Stephen West,PERSON
Williams,Cathy Pacheco,PERSON
Adams,Tammy Wilson,PERSON
Quinn-Hunt Limited,Hodges-Wang Limited,ORG
Jason Martin,Christine Mclean,PERSON
Emily Roman,Jennifer Johnson,PERSON
Austin Moore,Shannon Douglas,PERSON
Nicole Haney,Juan Armstrong,PERSON
Mark Macdonald,Nicholas Hunt,PERSON
Cochran,Mary Mcdowell,PERSON
Powell,Cynthia Lewis,PERSON
Kelly Bell,Ryan Patel,PERSON
Stephen West,Luis Stanley,PERSON
Cathy Pacheco,Michael Young,PERSON
Tammy Wilson,Jason Castro,PERSON
Hodges-Wang Limited,"Garcia, Acevedo and Anderson Limited",ORG
Christine Mclean,Megan Bates,PERSON
Jennifer Johnson,Steven White,PERSON
Shannon Douglas,Peter Sawyer,PERSON
Juan Armstrong,Sandra Wilson,PERSON
Nicholas Hunt,Barry Hernandez,PERSON
Mary Mcdowell,Erika Williams,PERSON
Cynthia Lewis,Barbara Clark,PERSON
Ryan Patel,John Ochoa,PERSON
Luis Stanley,Candace Moyer,PERSON
Michael Young,John Strickland,PERSON
Jason Castro,Nicole Thompson,PERSON
Anderson Limited,Daniel Stephenson,PERSON
Acevedo,Angel Phillips,PERSON
Megan Bates,Scott Johnson,PERSON
Steven White,Mr. Bryan Conley,PERSON
Peter Sawyer,John Duffy,PERSON
Sandra Wilson,Anna Garrett,PERSON
Barry Hernandez,Jason Bailey,PERSON
Erika Williams,Brian Chapman,PERSON
Barbara Clark,Seth Hernandez,PERSON
John Ochoa,Maria Myers,PERSON
Candace Moyer,Daniel Juarez,PERSON
John Strickland,Steven Jones,PERSON
Nicole Thompson,James Herrera,PERSON
Daniel Stephenson,Andrew Barker,PERSON
Angel Phillips,Randy Davis,PERSON
"Wealth 
Management Limited",Bonilla Ltd Limited,ORG
Soumavo,Johnson Inc,ORG
Lokesh,Janet Gibbs,PERSON
Sarkar,Lee Taylor,PERSON
Janet Gibbs,Tracy Harris,PERSON
+91 22 4009 4400,+91 22 44388265,PHONE_NUMBER
"ICICI 
Securities Limited","Williams, Dominguez and Miller Limited",ORG
Diwan,Danielle Macdonald,PERSON
Kishan,Russellmouth,LOCATION
Danielle Macdonald,Linda Newman,PERSON
REGISTRAR,"Parker, Schmidt and Davis",ORG
"Shanti 
Gopalkrishnan",Leslie Serrano,PERSON
Leslie Serrano,Ann Hodge,PERSON
+91 9651112890,+91 9022513030,PHONE_NUMBER
+91 9022513030,+91 9101011800,PHONE_NUMBER
+91 9101011800,+91 9390689500,PHONE_NUMBER
"December 15, 
2025","March 10, 1977",DATE
Monday,[REDACTED_DATE_TIME],DATE_TIME
"BID/ 
OFFE R OPENS",Hicks-Francis,ORG
Hicks-Francis,"Mcdaniel, Davis and Salinas",ORG
Tuesd ay,Julie Mclean,PERSON
CLOSES ON(2,Thompson-Hicks,ORG
"December 18, 2025","December 12, 1984",DATE
Thursday,[REDACTED_DATE_TIME],DATE_TIME
₹475.00 MILLION,Dillon-Guzman,ORG
MARATHI,Black Inc,ORG
PUNE EDITION,"Montgomery, Gonzalez and Benson",ORG
NATIONAL DAILY NEWSPAPER,Torres-Mckay,ORG
Beasley-Frank Limited,"Patrick, Hall and Frazier Limited",ORG
Dillon-Guzman,Brown LLC,ORG
Black Inc,Ray Group Inc.,ORG
Benson,Justin Smith,PERSON
Gonzalez,Elizabeth Clark,PERSON
Montgomery,Melissahaven,LOCATION
Torres-Mckay,Edward Johnson,PERSON
Frazier Limited,David Willis,PERSON
"Patrick, Hall",Coleman-Wong,ORG
Ortiz LLC,Smith PLC,ORG
COLLECTIVELY,Leonard LLC,ORG
Brown LLC,"Jackson, Brown and Bryant",ORG
Ray Group Inc.,"Simon, Baker and Logan Inc.",ORG
Justin Smith,Joshua Walton,PERSON
Elizabeth Clark,Brian Lambert,PERSON
Melissahaven,Edwards LLC,ORG
Edward Johnson,Jordan Johnson,PERSON
Designated Intermediaries,Hill Inc,ORG
the Price Band,Gutierrez-Johnson,ORG
10 Working Days,[REDACTED_DATE_TIME],DATE_TIME
Working Day,"Cruz, Sellers and Lang",ORG
the Sponsor Banks,Palmer Group,ORG
Hill Inc,Sutton-Russell Inc.,ORG
the Cooper LLC,King-Stephenson,ORG
Summers,[REDACTED_DATE_TIME],DATE_TIME
Gutierrez-Johnson,Patricia Armstrong,PERSON
Lang,Barry Torres,PERSON
Cruz,Kelly Tucker,PERSON
Palmer Group,"Sanders, Wilson and Williams",ORG
Sutton-Russell Inc.,Stephens-Ryan Inc.,ORG
King-Stephenson,"Franklin, Williams and Ryan",ORG
Ortizton,"Anderson, Guzman and Ruiz",ORG
Patricia Armstrong,Timothy Thomas,PERSON
Barry Torres,Tracy Allen,PERSON
Kelly Tucker,Jennifer Baldwin,PERSON
the Self Certified Syndicate Banks,Turner LLC,ORG
the Application Supported by Blocked Amount,"Morrison, Weaver and Morgan",ORG
Lewis and Sons,Cooper-Lee,ORG
Tran Inc.,"Montgomery, Munoz and Jones Inc.",ORG
Tran Inc,Mckay Ltd Inc.,ORG
Dunlap,Brandon Jones,PERSON
Moore,Clark-Moore,ORG
Elliott-Williamson,Michael Caldwell,PERSON
the “Anchor Investor Portion,Sanchez Inc,ORG
Hansen,Michael Martinez,PERSON
Moreno,Haas-Hughes,ORG
Watson,Michael Allison,PERSON
Hanna,Alec Richards,PERSON
Thomas-Porter,John Smith,PERSON
Bowers-Stafford,Bryan-Rivera,ORG
Carlson-Collier,"Stafford, Williams and Nelson",ORG
Turner LLC,Curtis PLC,ORG
Olson-Parrish,Lewis-Bennett,ORG
Perez,Matthew Gross,PERSON
"Scott, Wilcox",Barrera-Berger,ORG
Morgan,David Walker,PERSON
Weaver,Phillips-Carroll,ORG
Morrison,Mills Ltd,ORG
Potter PLC,Shah-Abbott,ORG
Robbins-Montgomery,Allison-Liu,ORG
Cooper-Lee,"Parks, Miller and Avila",ORG
Munoz,Collier-Novak,ORG
Mckay Ltd Inc.,Moore LLC Limited,ORG
Brandon Jones,Kenneth Buchanan,PERSON
Clark-Moore,"Holmes, Grimes and Mcclain",ORG
Michael Caldwell,Russell Lopez,PERSON
Sanchez Inc”,Boyd and Sons Inc.,ORG
Michael Martinez,Shannon Lewis,PERSON
Haas-Hughes,"Owens, Huffman and Peterson",ORG
Singh,Jeffrey Williams,PERSON
Michael Allison,Mrs. Theresa Reid,PERSON
Alec Richards,Christine Pope,PERSON
John Smith,Melissa Jones,PERSON
Bryan-Rivera,Grant LLC,ORG
Nelson,Stacy Smith,PERSON
Stafford,Owens Inc,ORG
Curtis PLC,"Martin, Jones and Garcia",ORG
Lewis-Bennett,Baker-Kelly,ORG
Matthew Gross,John Carter,PERSON
Barrera-Berger,Alexander Gray,PERSON
David Walker,Alison Wilson,PERSON
Phillips-Carroll,Parsons-Sims,ORG
Mills Ltd,Thompson and Sons Limited,ORG
Shah-Abbott,Jennifer Meyers,PERSON
Jones Inc.,"Rogers, Wood and Zhang Inc.",ORG
Allison-Liu,Anderson Group,ORG
The Offer Price,West-Little,ORG
Documents for Inspection,Armstrong-Hines,ORG
"August 4, 2025","January 23, 1979",DATE
Armstrong-Hines,Edwards-Ingram,ORG
Susanton,Sarah Fernandez,PERSON
Watts,Burton-Elliott,ORG
"January 23, 1979","November 02, 1988",DATE
Brown-Choi,Bowers Group,ORG
Edwards-Ingram,Johnson LLC,ORG
Sarah Fernandez,Jason Nelson,PERSON
Burton-Elliott,Conway Ltd,ORG
"November 02, 1988","February 19, 2007",DATE
Bowers Group,Anderson and Sons,ORG
000013004,6087524223,PHONE_NUMBER
+91 22 40094400,+91 22 44263037,PHONE_NUMBER
400051,767 729,POSTAL_CODE
Bandra Kurla Complex,"Meyer, Nelson and Martin",ORG
6087524223,(797)487-1733,PHONE_NUMBER
+91 22 44263037,+91 22 48899614,PHONE_NUMBER
Destinyside,"Espinoza, Rojas and Roberson",ORG
767 729,631 249,POSTAL_CODE
North Angie,Corey Baker,PERSON
"Martin, Blakeland","Berry, Bailey and Conway",ORG
Meyer,Alicia King,PERSON
Ford,Morgan Inc,ORG
Hess-Jones,Bailey and Sons,ORG
Williams Inc Limited,Davis Inc Limited,ORG
Kishan Rastogi,Oscar Morse,PERSON
400025,139 886,POSTAL_CODE
Prabhadevi,New Ashleyberg,LOCATION
Appasaheb Marathe Marg,Brenda Brown,PERSON
"ICICI Securities Limited 
ICICI Venture House",Mills Inc Limited,ORG
(201)939-0539x27737,001-379-231-5513x85253,PHONE_NUMBER
"Abhijit Diwan 
SEBI",Katie Patel,PERSON
Oscar Morse,Rachel James,PERSON
+91 22 41418809,+91 22 49526871,PHONE_NUMBER
139 886,813 140,POSTAL_CODE
New Ashleyberg,Mary Stanley,PERSON
Brenda Brown,Steven Edwards,PERSON
Mills Inc Limited,"Tucker, Santos and Howard Limited",ORG
001-379-231-5513,(301)622-3004,PHONE_NUMBER
Rachel James,Lisa Wright,PERSON
+91 22 49526871,+91 22 42889727,PHONE_NUMBER
Roberson,Dr. Sabrina Ramirez,PERSON
Rojas,Brittany Reed,PERSON
Espinoza,Cesar Weber,PERSON
813 140,567 646,POSTAL_CODE
Mary Stanley,Angel Anderson,PERSON
Steven Edwards,Carl Ellis,PERSON
Howard Limited,Joanna Robinson,PERSON
Santos,Cindy Aguilar,PERSON
Tucker,Kevin Smith,PERSON
(301)622-3004x85253,(369)290-2069,PHONE_NUMBER
Katie Patel,Eric Parker,PERSON
Lisa Wright,Andrew Barnes,PERSON
+91 22 42889727,+91 22 40920974,PHONE_NUMBER
"Christopher Perez 
Tel",Patricia Simon,PERSON
Sabrina Ramirez,Anna Craig,PERSON
Brittany Reed,Melissa Bradley,PERSON
Cesar Weber,Kristina Romero,PERSON
567 646,644 593,POSTAL_CODE
Corey Baker,Tamara Fleming,PERSON
Angel Anderson,Lori King,PERSON
Carl Ellis,Morgan Campbell,PERSON
Joanna Robinson,Jesse Brown,PERSON
Cindy Aguilar,Anna Palmer,PERSON
Kevin Smith,Amanda Guzman,PERSON
"Shanti Gopalkrishnan 
SEBI",Deborah Davis,PERSON
Mcintyre,David Marshall,PERSON
"Arnold, Elliott",John Lee,PERSON
Deborah Davis,Susan Clark,PERSON
818 665,228 111,POSTAL_CODE
Bradley Smith,Tony Gibson,PERSON
White-Gibson,Sanchez PLC,ORG
Torres-Haney,Carmen Stevens,PERSON
C-101,Jessica Brown,PERSON
Goodwin Group Pvt Ltd,"Romero, Mccarthy and Clayton Pvt Ltd",ORG
BID/ OFFER PERIOD,Ramirez LLC,ORG
Ramirez LLC,Isabella Bailey,PERSON
Isabella Bailey,Ann Weber,PERSON
Ann Weber,Timothy Chen,PERSON
Timothy Chen,Danielle Yoder,PERSON
Danielle Yoder,Erik Bowen,PERSON
Erik Bowen,Cynthia Arellano,PERSON
Cynthia Arellano,Rebekah Herring,PERSON
"Monday, December 15, 2025",[REDACTED_DATE_TIME],DATE_TIME
"Tuesday, December 16, 2025",[REDACTED_DATE_TIME],DATE_TIME
Thompson-Hicks,Baird Group,ORG
"Thursday, December 18, 2025",[REDACTED_DATE_TIME],DATE_TIME
Chakan Taluka,Kelly Acosta,PERSON
AoA/Articles of Association,"Williams, Harding and Wright",ORG
Auditors/ Statutory Auditors,"Soto, Hawkins and Mcconnell",ORG
Board/ Board of Directors,Floyd PLC,ORG
201,Heathertown,LOCATION
Waterloo Industrial Park VI Private Limited,Wagnerbury,LOCATION
CSR Committee/ Corporate Social Responsibility Committee,Brennan-Hunt,ORG
Director(s,Hanson Group,ORG
Rohit Branch,Morales-Williams,ORG
Rakhi Branch,"Taylor, Gallagher and Stuart",ORG
Sangeeta Branch,Andrews-Summers,ORG
Rajesh Branch,Amanda Rice,PERSON
"Private 
Limited","Petersen, Green and Reyes Pvt Ltd",ORG
Waterloo Industrial Park IV Private Limited,Johnshire,LOCATION
KSH Integrated Logistics Private Limited,Murray-Smith Pvt Ltd,ORG
KSH Project Management Services Private Limited,Frost-Gonzalez Pvt Ltd,ORG
Independent Director(s,"Morgan, Brooks and Ward",ORG
Independent Chartered,Smith-Brown,ORG
140388,546 852,POSTAL_CODE
Lalit Muljibhai Sarvaiya,Derek Brown,PERSON
Industry Data Provider/ CareEdge Research,Monroe PLC,ORG
IPO,Hansen-Elliott,ORG
see“Our Management,Crane Group,ORG
the SEBI ICDR Regulations and Section 2(51,Aguilar LLC,ORG
"May 17, 2025","August 21, 1975",DATE
MoA/ Memorandum of Association,"Wilson, Mendoza and Whitehead",ORG
Remuneration Committee,"Thompson, Anderson and Kennedy",ORG
Non-Executive,Rivera PLC,ORG
Regulation 2(1)(pp,"Anderson, Gonzales and Murillo",ORG
Chakan Taluka-Khed,Hailey Hanson,PERSON
Registrar of Companies/RoC,Ferguson-Herrera,ORG
The Registrar of Companies,Carter-Anderson,ORG
Rohit Branch,Jennifer Williams,PERSON
Sangeeta Ramprasad Rai,Michael Michael,PERSON
20 and 85,[REDACTED_DATE_TIME],DATE_TIME
SM,Bryant-Ayala,ORG
Stakeholders Relationship Committee,"Haynes, Armstrong and Brown",ORG
410 208,537 795,POSTAL_CODE
Taluka Panvel,Cassandra Fox,PERSON
Village Khalumbre,Juanburgh,LOCATION
"Chakan Industrial Area, Phase II","Martin, Klein and Richmond",ORG
see“Our Management – Board of Directors,Cohen Ltd,ORG
Slip,Karen Daniels,PERSON
the Bid cum Application Form,King-Campbell,ORG
Allot/ Allotment/ Allotted,Brown-Davis,ORG
Allotted the Equity Shares,"Walters, Decker and Peterson",ORG
Allotted,Barnes-Mitchell,ORG
Working Day,[REDACTED_DATE_TIME],DATE_TIME
Allotted to Anchor Investors,Graves Ltd,ORG
the QIB Portion,Walsh-Mckenzie,ORG
Application Supported,"Wilson, Nash and Zuniga",ORG
"UPI 
Mandate","Castro, Garcia and Thomas",ORG
SCSB,Johnson-West,ORG
ASBA Account,Amber Sanders,PERSON
UPI Mandate,Evans-Mejia,ORG
the Public Offer Account Bank,Cooper Ltd,ORG
the Refund Bank,Maddenmouth,LOCATION
the Escrow Collection Bank,Rogers and Sons,ORG
The Anchor Investor Application Form,"Harper, Riley and Garcia",ORG
the Designated Intermediaries,Gibbs-Johnson,ORG
"December 16, 2025","April 28, 2000",DATE
three Working Days,[REDACTED_DATE_TIME],DATE_TIME
Designated RTA Locations,Crawford-Brown,ORG
Broker Centres for Registered Brokers,Gonzales Inc,ORG
Specified Locations for Syndicate,Rogers-Hill,ORG
Designated SCSB Branches,"Ritter, Walker and Bentley",ORG
the ASBA Forms,Mcdonald Ltd,ORG
Schedule XIII,Samuel Burton,PERSON
Managers/ BRLMs/Managers,Eric Jimenez,PERSON
ICICI Securities Limited,Carroll PLC Limited,ORG
Broker Centres,Lang-Riley,ORG
the Floor Price,Brown Inc,ORG
the Public Offer Account,"Avery, Gamble and Roberts",ORG
UPI Circulars,Miller-Cantrell,ORG
"December 9, 2025","March 20, 1992",DATE
Depositories,"Hernandez, Porter and Jordan",ORG
CDP,Stewart Ltd,ORG
"November 10, 2015","March 23, 1975",DATE
11/2015,[REDACTED_DATE_TIME],DATE_TIME
CIR,"Anderson, Marshall and Taylor",ORG
the Cut-of Price,Judymouth,LOCATION
Retail Individual Investors Bidding,Owens-Hartman,ORG
wnd wnd,"Ruiz, Brown and Robertson",ORG
the Collecting Depository Participants,Conley-Henderson,ORG
Designated CDP Locations,Copeland and Sons,ORG
ASBA Forms,King-Wilson,ORG
Registered Brokers,"Jones, Evans and Colon",ORG
sub-Syndicate,"Kaufman, Bryant and Carlson",ORG
Designated Stock Exchange,"Rose, Juarez and Hamilton",ORG
the Bid Cum Application Form,Lewis Group,ORG
NEFT/RTGS/NACH,"Brooks, George and Mann",ORG
2012,[REDACTED_DATE_TIME],DATE_TIME
the UPI Circulars,Wang LLC,ORG
"March 17, 2020","January 25, 1971",DATE
SEBI/HO/CFD/DIL1/CIR/P/2020/37,Baker-Smith,ORG
The General Information Document,"Rivera, Stevens and Camacho",ORG
GSM,Clark-Hudson,ORG
ICICI,Palmer-Mccarty,ORG
Life Insurance Companies,Poole-Soto,ORG
1938,[REDACTED_DATE_TIME],DATE_TIME
the Insurance Regulatory and Development Authority of India,"Lee, Walton and Browning",ORG
the Monitoring Agency Agreement,Levine and Sons,ORG
the Monitoring Agency,Woods Ltd,ORG
Non-Institutional Investors/,Rodriguez and Sons,ORG
Non-Resident,Rogers-Bishop,ORG
FEMA,"Brown, Dominguez and Klein",ORG
the Offer Proceeds,Grant Group,ORG
Development Authority Act,Ortiz Ltd,ORG
the Pension Fund Regulatory,Bartlett-Ramirez,ORG
Development Authority,Parker-Brown,ORG
the Cap Price,Deanfurt,LOCATION
Financial express,Dickerson-Cox,ORG
ICICI Bank Limited,Jones Ltd Limited,ORG
Bid Amounts,Osborne LLC,ORG
Red Herring Prospectus/,"Washington, Ward and Martinez",ORG
corrigenda,Omar Jenkins,PERSON
Working Days,"Wolf, Collins and Rogers",ORG
the Refund Bank,Madden-Murphy,ORG
"October 4, 2012","January 28, 1974",DATE
CIR/CFD/14/2012,Stewart-Murphy,ORG
Circular,Rachel Tapia,PERSON
RTAs/Registrar and,"Crawford, Smith and Wood",ORG
Karta,"Jones, Cook and Strickland",ORG
Allottees,"Lopez, Kim and Campos",ORG
the Share Escrow Agent,Hall-Murray,ORG
NPCI,Patterson-Kramer,ORG
BSE Limited,"Jones, Cohen and Mann Limited",ORG
STT,Ellis-Hayes,ORG
NBFC-SI,"Jimenez, Smith and Thompson",ORG
Unified Payments Interface,Bridges-Richards,ORG
UPI Bidder(s,White Group,ORG
SEBI or Stock Exchanges,Smith Group,ORG
"June 11, 2025","April 09, 1983",DATE
SEBI/HO/DEPA-II,"Martinez, Martin and Valdez",ORG
"August 3, 2022","April 17, 2006",DATE
20220803-40,[REDACTED_DATE_TIME],DATE_TIME
SEBI ICDR Master Circular,Gaines and Sons,ORG
May 7 2024,"June 07, 1982",DATE
SEBI/HO/MIRSD/POD-1/P/CIR/2024/37,"Keller, Jones and Howard",ORG
SEB,"Pham, Fox and Johnson",ORG
"July 26, 2019","May 01, 1988",DATE
SEBI/HO/CFD/DIL2/CIR/P/2019/85,Moran PLC,ORG
SMS,Gonzalez Inc,ORG
UPI PIN,Allen Inc,ORG
Sundays,[REDACTED_DATE_TIME],DATE_TIME
Saturdays,[REDACTED_DATE_TIME],DATE_TIME
all days,[REDACTED_DATE_TIME],DATE_TIME
All days,[REDACTED_DATE_TIME],DATE_TIME
AIF,Monroe Ltd,ORG
Alternate Investment Fund,Perez-Smith,ORG
A.Y.,Kristen Weaver,PERSON
Calendar Year,[REDACTED_DATE_TIME],DATE_TIME
December 31,[REDACTED_DATE_TIME],DATE_TIME
twelve-month,[REDACTED_DATE_TIME],DATE_TIME
Annual,[REDACTED_DATE_TIME],DATE_TIME
CDSL,Shah-Preston,ORG
Central Depository Services,White Ltd,ORG
Service Tax Appellate Tribunal,Warner-Huff,ORG
Customs,Reyes and Sons,ORG
CSR,Lynch Ltd,ORG
1996,[REDACTED_DATE_TIME],DATE_TIME
NSDL,Wallace PLC,ORG
DP,Elliott Group,ORG
DP/ Depository Participant,Tyler Little,PERSON
"The Department for Promotion of Industry and Internal Trade, Ministry of Commerce and Industry, Government of India",Williams Group,ORG
EBIT,"Richardson, Burns and Bryant",ORG
FDI,Bell PLC,ORG
1999,[REDACTED_DATE_TIME],DATE_TIME
Foreign Exchange Management Act,"Patterson, Mcbride and Schwartz",ORG
Foreign Exchange Management,"Kelly, Casey and Price",ORG
"August 16, 2024","August 13, 1978",DATE
the financial year 2024-25,[REDACTED_DATE_TIME],DATE_TIME
Bill,Jacob Lopez,PERSON
2025-2026,[REDACTED_DATE_TIME],DATE_TIME
the Central Government,Miller Inc,ORG
the Lok Sabha,Jamie Hernandez,PERSON
"February 1, 2025","August 11, 2001",DATE
twelve months ending on March 31,[REDACTED_DATE_TIME],DATE_TIME
FVCI,"Ayers, Brown and Miller",ORG
2000,[REDACTED_DATE_TIME],DATE_TIME
Foreign Venture Capital Investor,Lester PLC,ORG
the Securities and Exchange Board of India,Lin Group,ORG
Foreign Venture Capital Investors,"Tucker, Barrera and Jones",ORG
GoI / Central Government,"Haas, Shah and Ortega",ORG
Government of India,Moore PLC,ORG
HUF,Roberts-Bass,ORG
IATF,"Smith, Rowe and Kemp",ORG
1961,[REDACTED_DATE_TIME],DATE_TIME
The Institute of Chartered Accountants of India,Davidson Group,ORG
International Financial Reporting Standards,"Green, Brown and Brown",ORG
2015,[REDACTED_DATE_TIME],DATE_TIME
the Companies (Indian Accounting Standards) Rules,"Foster, Horne and Campbell",ORG
Companies (Indian Accounting Standards) Rules,Pearson-Bush,ORG
Indian Accounting Standard 24,Lozano-Christensen,ORG
2014,[REDACTED_DATE_TIME],DATE_TIME
ISO,Thompson-Cruz,ORG
International Organization for Standards,"Austin, Thomas and Wilson",ORG
MCLR,Garrett Group,ORG
Mn/ mn,Norman LLC,ORG
NA,Miller PLC,ORG
N.A.,Patterson Inc,ORG
NACH,East Shellyview,LOCATION
National Automated Clearing House,Lopez-Villanueva,ORG
NEFT,Mccormick Ltd,ORG
National Payments Corporation of India,Solomon Group,ORG
2016,[REDACTED_DATE_TIME],DATE_TIME
the Foreign Exchange Managemen,Thornton-Alvarado,ORG
NRI,Underwood-Rice,ORG
1955,[REDACTED_DATE_TIME],DATE_TIME
the Foreign Exchange Management (Deposit) Regulations,White Ltd,ORG
NRO Account,Price PLC,ORG
National Securities Depository Limited,"Smith, Taylor and Arias Limited",ORG
OCB,"Galvan, Reyes and Sharp",ORG
"October 3, 2003","January 18, 2003",DATE
NRIs,"Miller, Castro and Dixon",ORG
OCI,Cox LLC,ORG
Overseas Citizen of India,Watts PLC,ORG
P/E Ratio,"Carpenter, Smith and Palmer",ORG
RBI,Vega PLC,ORG
Reserve Bank of India,Baxter-Miller,ORG
Regulation S,Le-Clark,ORG
RTGS,Acosta-Rivera,ORG
SCRA,"Harvey, Green and Lewis",ORG
Securities and Exchange Board of India,Wiggins-Johnson,ORG
1992,[REDACTED_DATE_TIME],DATE_TIME
Securities and Exchange Board of India Act,Patterson-Davis,ORG
SEBI AIF Regulations,"Greene, Quinn and Baker",ORG
Securities and Exchange Board of India (Alternative Investment Funds) Regulations,White Group,ORG
SEBI BTI Regulations,Neal-Bauer,ORG
1994,[REDACTED_DATE_TIME],DATE_TIME
SEBI FVCI Regulations,"Holt, Juarez and Gomez",ORG
"November 11, 2024","February 08, 1977",DATE
SEBI ICDR Master,Martinez-Davis,ORG
SEBI Mutual Funds Regulations,Nguyen Inc,ORG
Securities and Exchange Board of India (Mutual Funds) Regulations,Hoffman Group,ORG
SEBI RTA,Jefferson and Sons,ORG
"June 23, 2025","September 19, 1976",DATE
MIRSD-PoD/P/CIR/2025/91,Tucker-Thompson,ORG
SEBI/HO/MIRSD/,Clay-Quinn,ORG
SEBI SBEB & SE,Allen-Montoya,ORG
2021,[REDACTED_DATE_TIME],DATE_TIME
Securities and Exchange Board of India (,"Campbell, Wilcox and Thompson",ORG
2011,[REDACTED_DATE_TIME],DATE_TIME
Securities and Exchange Board of India (Substantial Acquisition of Shares,Diaz-Brady,ORG
SEBI VCF Regulations,"Jones, Tate and Gonzalez",ORG
Venture Capital Fund,"Barrera, Murillo and Sanchez",ORG
State Government,"George, Fitzgerald and Thomas",ORG
1933,[REDACTED_DATE_TIME],DATE_TIME
United States Securities Act,Rose Ltd,ORG
United States/ U.S.,Baldwin PLC,ORG
The United States of America,North Tracybury,LOCATION
United States Dollars,Harris and Sons,ORG
AAS,Wilson LLC,ORG
ACC,Smith LLC,ORG
Advanced Chemistry Cell,"Scott, Lee and Santana",ORG
Atal Mission for Rejuvenation and Urban Transformation,Hubbard and Sons,ORG
BCD,Owens-Smith,ORG
BESS,Cynthia Brown,PERSON
Battery Energy Storage System,"Frank, Becker and Mullins",ORG
Bureau of Indian Standards,"Brown, Parsons and Johnson",ORG
BLDC,Contreras Group,ORG
Brushless Direct Current,Perez PLC,ORG
BTA,"Williams, Burch and Bailey",ORG
CEA,"Foster, Scott and Day",ORG
Central Electricity Authority,Greene Group,ORG
CERC,"Marshall, Garcia and Johnson",ORG
Central Electricity Regulatory Commission,Martinez Inc,ORG
Continuous Transposed Conductors,Kelly Ramirez,PERSON
CUF,Middleton and Sons,ORG
DDUGJY,Kelly LLC,ORG
Deen Dayal,Nicholas Ramirez,PERSON
DFI,"Guerrero, Simpson and Brewer",ORG
Development Finance Institution,"Duran, Williams and Smith",ORG
DFIA,Collins LLC,ORG
Duty-Free Import Authorisation,Stevens PLC,ORG
Diesel Generators,"Brady, Ferguson and Alvarez",ORG
Taxes,"Cox, Nelson and Dougherty",ORG
EMIS,Amber Kelly,PERSON
Education Management Information System,Rodriguez Ltd,ORG
EPCG,Yesenia Frey,PERSON
Export Promotion Capital Goods,"Jensen, Petersen and Howard",ORG
FE,"Harris, Boyd and Bush",ORG
FHP,"Rivera, Rodriguez and Alexander",ORG
FRE,Shepherd-Martin,ORG
FSA,Montoya Ltd,ORG
FTA,"Cain, Webb and Hawkins",ORG
GVA,Adkins-Obrien,ORG
GW,Ashley Gordon,PERSON
Gigawatt-Hour,[REDACTED_DATE_TIME],DATE_TIME
HT,"Reynolds, Hampton and Rodriguez",ORG
HVAC,Obrien and Sons,ORG
Air Conditioning,Martin PLC,ORG
HVDC,"Walker, Combs and Shannon",ORG
Internal Combustion Engine,Williamson PLC,ORG
IEA,Harvey-Hernandez,ORG
International Energy Agency,"Wilson, Taylor and Webb",ORG
IEBR,Hobbs Inc,ORG
Internal and Extra Budgetary Resources,"Evans, Craig and Harvey",ORG
IEC,"Schroeder, Jackson and Wang",ORG
International Electrotechnical Commission,Hanna Ltd,ORG
IIP,Smith-Wells,ORG
Industrial Production,Ferrell-Cook,ORG
IMF,Ramirez-Jensen,ORG
International Monetary Fund,Shaffer Ltd,ORG
Integrated Power Development Scheme,Acosta-Camacho,ORG
ISTS,"Harris, Rogers and Smith",ORG
Inter-State Transmission System,Sandoval Ltd,ORG
kV,Johnson-Duncan,ORG
Kilovolt,Chavezborough,LOCATION
LPG,Gillespie-Duarte,ORG
MOSPI,"Reynolds, Dunn and Mcgee",ORG
Ministry of Statistics and Programme Implementation,"Hodges, Hendrix and Gomez",ORG
MVA,Clark Ltd,ORG
Mega Volt-Amperes,Hess Group,ORG
MWW,"Valdez, Mccormick and Hernandez",ORG
Magnet Winding Wires,"Johnson, Baker and Harrington",ORG
National Electric Mobility Mission Plan,Williams-Huang,ORG
NEP,Torres Inc,ORG
National Infrastructure Pipeline,Watson and Sons,ORG
National Monetization Pipeline,"Mercer, Martin and Johnson",ORG
OTG,Knapp-White,ORG
Profit After Tax,"Hunter, Brown and Crawford",ORG
PLI,"Johnson, Myers and Robles",ORG
PMAY,Gordon-Weaver,ORG
Pradhan Mantri Awas Yojana,Rice-Murray,ORG
Urja Suraksha,Melanie Madden,PERSON
Pradhan Mantri Kisan,Green Inc,ORG
PWIL,"Fernandez, Ferguson and Williams",ORG
Precision Wires India Limited,Rowland-Gomez Limited,ORG
QSR,Oconnor and Sons,ORG
Quick Service Restaurants,"Carey, Terry and Palmer",ORG
RDSS,"Simpson, Brown and Mullins",ORG
Renewable Energy Resources,Butler LLC,ORG
RoHS,"Barr, Martinez and Hardy",ORG
RPO,Jenkins-Moore,ORG
SECI,Kristen Reeves,PERSON
Solar Energy Corporation of India Limited,Long-Simon Limited,ORG
Trade Infrastructure for Export Scheme,Jones-Morgan,ORG
UK,Port Jillmouth,LOCATION
United Kingdom,Lake Melissa,LOCATION
W&C,Rachel Lawson,PERSON
WEO,[REDACTED_DATE_TIME],DATE_TIME
Operations,"Hogan, Mclean and Frank",ORG
Net Working Capital Days,Clarke-Jones,ORG
91 days,[REDACTED_DATE_TIME],DATE_TIME
PAT CAGR (FY23 - FY25,Sandra Simpson,PERSON
PAT,Williamport,LOCATION
PAT Margin,Anna Wilson,PERSON
Y-o-,"Blanchard, Vazquez and Alvarez",ORG
C.  Operational,Peters and Sons,ORG
Peters,Ryan Stewart,PERSON
United States Dollars,East Kevinmouth,LOCATION
U.S,Davismouth,LOCATION
INR,Rivera-Henry,ORG
the previous calendar day,[REDACTED_DATE_TIME],DATE_TIME
the Supa Facility,Kellystad,LOCATION
Reliance,"Blankenship, Franklin and Smith",ORG
Sale(2,Perez-Lindsey,ORG
the Fresh Issue,Campbell LLC,ORG
Supa Facility,Port Katelyn,LOCATION
"Rajesh 
Kushal Hegde",Daniel Fitzgerald,PERSON
"Rohit 
Kushal Hegde",Kyle Martin,PERSON
Rakhi Girija,Tonya Fields,PERSON
"Dhaulagiri 
Family Trust",William Walker,PERSON
"Everest 
Family Trust",Mckinney-Perez,ORG
"Makalu 
Family Trust","Cole, Archer and Dunn",ORG
"Annapurna 
Family Trust",Lopez and Sons,ORG
Rajesh Hegde,Tyler Beltran,PERSON
"Maithili 
",Robert Lewis,PERSON
Malabar India Fund Limited,Patton-Marshall Limited,ORG
Rupal K. Sancheti,Dr. Theresa Dominguez,PERSON
"Salil Ajay 
Bhargava",Toni Richard,PERSON
Jabeen Ajay Menon,Thomas Ross,PERSON
Ajay Menon,Kayla Carr,PERSON
"Sunil 
Nagayya Shetty",Melanie White,PERSON
"October 14, 1981","January 08, 1992",DATE
Fiscal 2024,[REDACTED_DATE_TIME],DATE_TIME
Fiscal 2023,[REDACTED_DATE_TIME],DATE_TIME
"10,494.60",[REDACTED_DATE_TIME],DATE_TIME
Bryant-Ayala,"Reed, Matthews and Lowe",ORG
Wilkinson,Frank Moore,PERSON
Lowe,Derek Jones,PERSON
Yesenia Hunt,Tony Rowe,PERSON
Frank Moore,John Scott,PERSON
Derek Jones,Cody Hood,PERSON
Tony Rowe,Isaac Lynn,PERSON
John Scott,Mr. Brett Carrillo,PERSON
Cody Hood,John Williams,PERSON
Isaac Lynn,Susan Moore,PERSON
Brett Carrillo,Shawn Humphrey,PERSON
John Williams,James Stevens,PERSON
James Herrera,Jacqueline Wilson,PERSON
Susan Moore,Jesus Mullins,PERSON
Shawn Humphrey,William Morris,PERSON
James Stevens,Mr. Albert Ortiz IV,PERSON
Jacqueline Wilson,Andrew Ramirez,PERSON
Jesus Mullins,Paul Rodriguez,PERSON
William Morris,Brandon Beck,PERSON
June 30 2025,"June 17, 1988",DATE
"transactio 
ns","Joseph, White and Williams",ORG
"J u n e 30, 
	2025",Stuart Lewis,PERSON
Fisc,Allison Watson,PERSON
"Kushal 
Electricals",Leonard-Khan,ORG
Waterloo Motors,"Gross, Ibarra and Clarke",ORG
Servic,Marymouth,LOCATION
Distriparks Priva,Kimberly Gay,PERSON
"Parijat 
Foundation",Kelley Group,ORG
Deposit,"Leon, Williams and Lynch",ORG
Remuneratio n,Bautista-Ponce,ORG
Remunerati,Joelfort,LOCATION
₹5,Cummings and Sons,ORG
Last one year,[REDACTED_DATE_TIME],DATE_TIME
Last three years,[REDACTED_DATE_TIME],DATE_TIME
Pineda,Tamara Taylor,PERSON
the last 1 year,[REDACTED_DATE_TIME],DATE_TIME
Kushal Subbayya Hegde*^&,Johnson PLC,ORG
Pushpa Kushal Hegde*^&,Richardson LLC,ORG
Rajesh Kushal Hegde*^&,"Moses, Brock and Soto",ORG
Rohit Kushal Hegde*^&,Cortez Inc,ORG
Rakhi Girija Shetty&,"Cooper, Pratt and Williams",ORG
"December 17, 	2024","August 21, 1974",DATE
Rakhi Girija Shetty^&,Hendrix PLC,ORG
Dhaulagiri Family Trust&,Leon-Parker,ORG
"May 7, 2025","November 08, 2010",DATE
Everest Family Trust&,Murphy-Burnett,ORG
Makalu Family Trust&,Goodman Inc,ORG
Broad Family Trust&,Perez Inc,ORG
"May 8, 2025","March 03, 1990",DATE
Annapurna Family Trust&,Burgess-Smith,ORG
Kanchenjunga Family Trust &,"Forbes, Jones and Mccormick",ORG
Maithili Rajesh Hegde&,"Boyd, Smith and Yu",ORG
Maithili Rajesh,Megan Valencia,PERSON
Katyayani Balasubramanian&,Carroll LLC,ORG
Katyayani Balasubramanian ^&,Charles Oneal,PERSON
Transferor,Anderson-York,ORG
"47 June 30, 2025",[REDACTED_DATE_TIME],DATE_TIME
Three-month,[REDACTED_DATE_TIME],DATE_TIME
S. N o.,Jacqueline Miller,PERSON
Variou,Jonathan King,PERSON
Jacqueline Miller,Alice Mathews,PERSON
Jonathan King,Billy Flores,PERSON
"1,963.9 2",[REDACTED_DATE_TIME],DATE_TIME
"1,702.5 4",[REDACTED_DATE_TIME],DATE_TIME
"10,130.3 2",[REDACTED_DATE_TIME],DATE_TIME
2 years,[REDACTED_DATE_TIME],DATE_TIME
5 years,[REDACTED_DATE_TIME],DATE_TIME
10 years,[REDACTED_DATE_TIME],DATE_TIME
the financial year ended March 31,[REDACTED_DATE_TIME],DATE_TIME
the financial years ended March 31,[REDACTED_DATE_TIME],DATE_TIME
"2,119.6 8",[REDACTED_DATE_TIME],DATE_TIME
"Tota 
l",Erica Burns,PERSON
12167.6 9,[REDACTED_DATE_TIME],DATE_TIME
"5,094.36",[REDACTED_DATE_TIME],DATE_TIME
"4,891.18",[REDACTED_DATE_TIME],DATE_TIME
"8,698.9 9",[REDACTED_DATE_TIME],DATE_TIME
"2,977.4 8",[REDACTED_DATE_TIME],DATE_TIME
"6,856.5 8",[REDACTED_DATE_TIME],DATE_TIME
"10,067.3 2",[REDACTED_DATE_TIME],DATE_TIME
industr y,"Crosby, Robertson and Garcia",ORG
Robertson,Austin James,PERSON
Crosby,Sandra Baldwin,PERSON
"Amou 
	nt",Wallace-Payne,ORG
"9,642.9 2",[REDACTED_DATE_TIME],DATE_TIME
"17,783.47",[REDACTED_DATE_TIME],DATE_TIME
HTS 8544,Brown-Rush,ORG
1962,[REDACTED_DATE_TIME],DATE_TIME
the United States,South Michael,LOCATION
8544,[REDACTED_DATE_TIME],DATE_TIME
CTS,Smith-Rivera,ORG
"March 31, 1988","November 23, 1995",DATE
"March 31, 1983","May 12, 1977",DATE
the Fiscal 2003,[REDACTED_DATE_TIME],DATE_TIME
"March 31, 2005","May 25, 2009",DATE
"March 31, 1985","October 10, 2001",DATE
the Fiscal 1980,"Shepherd, Cisneros and Soto",ORG
"September 26, 1996","July 21, 1976",DATE
"November 1, 2000","August 01, 2006",DATE
"September 21, 2000","February 25, 1989",DATE
1979-1980,[REDACTED_DATE_TIME],DATE_TIME
MoA,York and Sons,ORG
FY 1981,[REDACTED_DATE_TIME],DATE_TIME
FY 1980,[REDACTED_DATE_TIME],DATE_TIME
"September 30, 
1981","March 11, 2007",DATE
Gopal BO,Lisa Lutz,PERSON
DM Shetty,Price and Sons,ORG
Kushal Hegde,Klein Ltd,ORG
"August 6, 1982","March 06, 2001",DATE
SA Shetty,Williams Ltd,ORG
Karunakar Bhandary,Zachary Hernandez,PERSON
"December 9, 1983","November 20, 1989",DATE
Jayaram Shetty,Kaufman Ltd,ORG
"March 28, 1987","September 25, 1991",DATE
Karunakar Hegde,Jason Figueroa,PERSON
"February 25, 1993","October 27, 1997",DATE
Challan,Mary Clark,PERSON
"September 7, 1998","April 10, 1984",DATE
Karunakar Hegde HUF,Wilson-Logan,ORG
Narayana B. Shetty,Ronald White,PERSON
"December 
28, 
1998","September 04, 2003",DATE
Investment Private Limited,"Pierce, George and Palmer Pvt Ltd",ORG
Shubhkamal Leasing,Manning PLC,ORG
Karunakar Hegde HUF,Wilsonhaven,LOCATION
Rohit Hegde,Carol Daniels,PERSON
"November 29, 
2001","September 07, 1983",DATE
Vijay Hegde,Shawna Hernandez,PERSON
"April 20, 2002","November 07, 2008",DATE
"February 20, 2015","September 08, 1981",DATE
"March 29, 2016","June 19, 1976",DATE
1979,[REDACTED_DATE_TIME],DATE_TIME
Working Capital,Adams and Sons,ORG
Manufacturing Unit/ Pr,Roy Group,ORG
June,[REDACTED_DATE_TIME],DATE_TIME
Roy Group,Warner Group,ORG
n in M,Walker-Tyler,ORG
Taloja Unit,Frazier PLC,ORG
Specialised Magnet Winding Wire,"Kennedy, Ellison and Freeman",ORG
3 81,[REDACTED_DATE_TIME],DATE_TIME
Chakan Unit,Carter Inc,ORG
Standard Magnet Winding Wire,Conrad-Thomas,ORG
4 84,[REDACTED_DATE_TIME],DATE_TIME
6 85,[REDACTED_DATE_TIME],DATE_TIME
Capacit,Sweeney-Gardner,ORG
n 	capaci,Hopkins-Morales,ORG
3 85,[REDACTED_DATE_TIME],DATE_TIME
72 1,[REDACTED_DATE_TIME],DATE_TIME
4 1,[REDACTED_DATE_TIME],DATE_TIME
80,[REDACTED_DATE_TIME],DATE_TIME
5 1,[REDACTED_DATE_TIME],DATE_TIME
0 68,[REDACTED_DATE_TIME],DATE_TIME
62,[REDACTED_DATE_TIME],DATE_TIME
3 62,[REDACTED_DATE_TIME],DATE_TIME
76,[REDACTED_DATE_TIME],DATE_TIME
2025-26,[REDACTED_DATE_TIME],DATE_TIME
2024-2025 & first quarter of the year,[REDACTED_DATE_TIME],DATE_TIME
2023-2024,[REDACTED_DATE_TIME],DATE_TIME
the year 2022-2023,[REDACTED_DATE_TIME],DATE_TIME
RW,"Beasley, Brown and Lyons",ORG
5.6 hours,[REDACTED_DATE_TIME],DATE_TIME
a year with per day three,[REDACTED_DATE_TIME],DATE_TIME
312 working days,[REDACTED_DATE_TIME],DATE_TIME
26 days,[REDACTED_DATE_TIME],DATE_TIME
5.2 hours,[REDACTED_DATE_TIME],DATE_TIME
8 hours,[REDACTED_DATE_TIME],DATE_TIME
a year,[REDACTED_DATE_TIME],DATE_TIME
"January 08, 1992","September 06, 1985",DATE
"o 
ns",Murray-Klein,ORG
"Tota 			l 
Due 
s",Jennifer Smith,PERSON
"Unp 
ai",North Laura,LOCATION
Tota,Kristen Vega,PERSON
State,"Jackson, Wood and Wilson",ORG
Provident Fund,"Mosley, Peters and Thompson",ORG
"al 
Tax","Smith, Hughes and Thomas",ORG
Professi,Brianna Perez,PERSON
Compan,Smithton,LOCATION
Services Tax&,Reeves Ltd,ORG
Facilities/ Instrument,"James, Guerra and Church",ORG
"December 10, 2024","November 18, 2002",DATE
Long Term Bank Facilities,Miller LLC,ORG
"November 18, 2002","June 19, 1970",DATE
"June 19, 1970","January 01, 1971",DATE
"December 18, 2023","August 28, 1980",DATE
"August 28, 1980","February 27, 1973",DATE
"February 27, 1973","February 01, 2007",DATE
"February 01, 2007","February 25, 1982",DATE
"November 30, 2022","August 20, 1973",DATE
"August 20, 1973","October 26, 1980",DATE
"October 26, 1980","March 16, 1984",DATE
"March 16, 1984","March 20, 1991",DATE
"the last three-month period ended June 30, 2025",[REDACTED_DATE_TIME],DATE_TIME
the Objects of the Offer,"Taylor, Anderson and Lane",ORG
₹i n million,Bates Ltd,ORG
Percenta,North Linda,LOCATION
Governme,John Fisher,PERSON
"the Government of India through Ministry of Commerce and Industry, Department",Murphy PLC,ORG
"March 20, 2025","March 24, 1993",DATE
Directorate General of Foreign Trade,Oliver Group,ORG
Commerce,"May, Sanchez and Weaver",ORG
financial year ended March 31,[REDACTED_DATE_TIME],DATE_TIME
"financial year ended March 31, 2024",[REDACTED_DATE_TIME],DATE_TIME
49,[REDACTED_DATE_TIME],DATE_TIME
Non-Institutional Portion(4)(5,Haas LLC,ORG
C) Retail Portion(4)(5,Hurst Inc,ORG
post-Offer Equity,"Grant, Anthony and Sanchez",ORG
The Fresh Issue,"Fry, Smith and Lewis",ORG
"Fry, Smith and Lewis",Robertson-Adkins,ORG
"March 25, 2010","January 07, 1998",DATE
Wilson,Wright PLC,ORG
Ballard,"Meza, Chaney and Cook",ORG
Torres,John Krause,PERSON
The Andrews Inc,Collins-Sanchez Inc.,ORG
Maximum,Bartlett Inc,ORG
Offer for Sale,Hubbard-Martin,ORG
Registered Office of our Company,Roth LLC,ORG
411 004,142 787,POSTAL_CODE
Deccan Gymkhana,Logan Ltd,ORG
PYC,Taylor Ltd,ORG
Deccan Gymkhana Society,Baker LLC,ORG
Pushpakamal,"Smith, Stewart and Harris",ORG
104,Fisher-Johnson,ORG
0011419 3,[REDACTED_DATE_TIME],DATE_TIME
411 008,929 330,POSTAL_CODE
Pashan,Michaelfort,LOCATION
Panchvati,Woodhaven,LOCATION
NCL,Harris Inc,ORG
Buena Monte,Harrison Inc,ORG
0013492 6,[REDACTED_DATE_TIME],DATE_TIME
Shivaji Nagar,Diamond Hill,PERSON
Prabhat Road Lane,Robertborough,LOCATION
Pushpakamal Apartment,Brenda Howard,PERSON
Erandawane,Melissa Harrison,PERSON
0004980 1,[REDACTED_DATE_TIME],DATE_TIME
411 016,474 594,POSTAL_CODE
Model Colony,Smithchester,LOCATION
Shivajinagar,South Ronald,LOCATION
Sahara Hotel,Port Erin,LOCATION
Senapati Bapat Road,Brown-Roach,ORG
Pratik Bunglow,Miller-Stone,ORG
0121700,[REDACTED_DATE_TIME],DATE_TIME
Erandawane,Ericksonville,LOCATION
Prabhat Road,North Lisa,LOCATION
Bhonde,Castillofort,LOCATION
Gopalkrupa Apartment,Johnny Klein,PERSON
Ram Kumar Tiwari,Anthony Jones,PERSON
1093895 8,[REDACTED_DATE_TIME],DATE_TIME
Madhya Pradesh,Brianborough,LOCATION
462 023,307 537,POSTAL_CODE
Bhopal,Juanstad,LOCATION
"A-259, JK Road, Minal Residency, Huzur, Govindpura",King-Coleman,ORG
Indu Jacob,Joseph Wolfe,PERSON
0529308 100,449.750.8573x8874,PHONE_NUMBER
Abhimanshree Society,Thompson-Payne,ORG
A29,"Vincent, Barron and Wilkinson",ORG
4 0 0 9 4 4 0 0,(936)218-7510x88551,PHONE_NUMBER
Bandra Kurla Complex Bandra East,West Kenneth,LOCATION
"Wing A, Building No.","Clarke, Perez and Fleming",ORG
(936)218-7510x88551,+1-394-256-6045x784,PHONE_NUMBER
536 695,558 199,POSTAL_CODE
West Kenneth,Hernandezshire,LOCATION
Fleming 3 Inspire BKC G Block,Roberts-Farrell,ORG
Clarke,Webb-Mitchell,ORG
+1-394-256-6045,988.961.6291x295,PHONE_NUMBER
558 199,345 348,POSTAL_CODE
Hernandezshire,Karenstad,LOCATION
Roberts-Farrell,Melanie Mitchell,PERSON
Webb-Mitchell,White-Gonzalez,ORG
Davis Inc Limited,Wilson Ltd Limited,ORG
988.961.6291,4472813404,PHONE_NUMBER
"Christopher Perez 
Telephone",Edward Hall,PERSON
345 348,378 701,POSTAL_CODE
Tamara Fleming,Teresa Roy,PERSON
Karenstad,Brittany Ware,PERSON
Melanie Mitchell,Daniel Rowland,PERSON
John Carter,John Lewis,PERSON
White-Gonzalez,Ross Turner,PERSON
Wilson Ltd Limited,Jordan Ltd Limited,ORG
4472813404,(888)205-1589,PHONE_NUMBER
Edward Hall,Amanda Kaiser,PERSON
378 701,943 805,POSTAL_CODE
Teresa Roy,Brian Harris,PERSON
Brittany Ware,Taylor Johnson,PERSON
Daniel Rowland,Samuel Vega,PERSON
John Lewis,Victoria Reyes,PERSON
Ross Turner,Roberto Guzman MD,PERSON
Jordan Ltd Limited,Johnson LLC Limited,ORG
(888)205-1589,4362669270,PHONE_NUMBER
Amanda Kaiser,Anne Bryant,PERSON
Anna Craig,Dustin Jenkins,PERSON
Melissa Bradley,Emily Figueroa,PERSON
Kristina Romero,Amber Thomas,PERSON
943 805,139 939,POSTAL_CODE
Brian Harris,Elizabeth King,PERSON
Taylor Johnson,Kenneth Kennedy,PERSON
Samuel Vega,Samantha Fleming,PERSON
Victoria Reyes,Shelby Dawson,PERSON
Roberto Guzman MD,Ricky Romero,PERSON
Johnson LLC Limited,Roman Group Limited,ORG
4362669270,(396)976-3064,PHONE_NUMBER
Anne Bryant,Elizabeth Peters,PERSON
Dustin Jenkins,John Turner,PERSON
Emily Figueroa,Melissa Wilcox,PERSON
139 939,488 908,POSTAL_CODE
Elizabeth King,Carolyn Baker,PERSON
Kenneth Kennedy,Miranda Harrington,PERSON
Samantha Fleming,Lindsay Rodriguez,PERSON
Shelby Dawson,Monica Olson,PERSON
Ricky Romero,Jose Stanley,PERSON
Roman Group Limited,"Page, Weber and Smith Limited",ORG
(396)976-3064,(533)894-9979,PHONE_NUMBER
Elizabeth Peters,Marie Cruz,PERSON
John Turner,Michael Jones,PERSON
Melissa Wilcox,Joan Moore,PERSON
Amber Thomas,Sandoval-Diaz,ORG
488 908,772 452,POSTAL_CODE
Carolyn Baker,Joshua Heath,PERSON
Miranda Harrington,John Brown,PERSON
Lindsay Rodriguez,Anita Ward,PERSON
Monica Olson,Pamela Villarreal,PERSON
Jose Stanley,Nancy Jenkins,PERSON
Smith Limited,"Lang, Scott and Herrera Limited",ORG
Weber,Sharon Baker,PERSON
Marg Prabhadevi,Jason Johnston,PERSON
Venture House,"Nelson, Leonard and Pierce",ORG
ICICI Securities Limited ICICI,Curtis LLC Limited,ORG
Jason Johnston,Terry Nunez,PERSON
Pierce Appasaheb Marathe,Monica Daugherty,PERSON
Leonard,Katherine Thomas,PERSON
"Curtis LLC Limited 
Nelson",Mullins-Howe Limited,ORG
Sarkar SEBI,Edwards Inc,ORG
Edwards Inc,"Thompson, Bell and Willis Inc.",ORG
(797)487-1733,832.613.6327x515,PHONE_NUMBER
Willis Inc.,Reese-Miller Inc.,ORG
Bell,Jimenez-Russell,ORG
Thompson,"Clarke, Kelley and Johnson",ORG
832.613.6327,253-266-4582x385,PHONE_NUMBER
Reese-Miller Inc.,"Murphy, Moore and Jones Inc.",ORG
Jimenez-Russell,Joshua Austin,PERSON
Johnson,Rachael Wood,PERSON
Kelley,Timothy Carroll,PERSON
253-266-4582,510-576-4841,PHONE_NUMBER
Murphy,Hayley Gonzalez,PERSON
Joshua Austin,Jordan Clements,PERSON
Rachael Wood,Lisa Sanchez,PERSON
Timothy Carroll,Carmen Hardin,PERSON
510-576-4841,+1-235-983-7960x1239,PHONE_NUMBER
Zhang Inc.,"Hernandez, Garrett and Mcclure Inc.",ORG
"Rogers, Wood","Johnson, Dixon and Marquez",ORG
Hayley Gonzalez,Emily Mcclain,PERSON
Jordan Clements,Sarah Miller,PERSON
Lisa Sanchez,Jon West,PERSON
Carmen Hardin,Anthony Fitzgerald,PERSON
White-Gonzalez,New Marissa,LOCATION
+1-235-983-7960,886.900.9727x23209,PHONE_NUMBER
Mcclure Inc.,Fuentes-Guerrero Inc.,ORG
Garrett,Tara Schmidt,PERSON
Hernandez,Anne Martin,PERSON
Marquez,Lee Robinson,PERSON
Dixon,Melvin Anthony,PERSON
Mcclain,Pamela Black,PERSON
Grimes,Deborah Pineda,PERSON
Holmes,Ashley Melton,PERSON
Emily Mcclain,Christina Curry,PERSON
Sarah Miller,Joseph Anderson,PERSON
Jon West,Brittany Ramos,PERSON
Anthony Fitzgerald,Rebekah Hayes,PERSON
Marissa,Tyler Coleman,PERSON
886.900.9727,779.437.8705x7850,PHONE_NUMBER
Fuentes-Guerrero Inc.,"Benson, Ramirez and Saunders Inc.",ORG
Tara Schmidt,James Cooke,PERSON
Anne Martin,Emily Lester,PERSON
Lee Robinson,Nancy Dominguez,PERSON
Melvin Anthony,Daniel Ward,PERSON
Pamela Black,George Mcdonald,PERSON
Deborah Pineda,Patrick Perez,PERSON
Ashley Melton,Edward Rich,PERSON
Christina Curry,Christopher Duncan,PERSON
Joseph Anderson,Matthew Neal,PERSON
Brittany Ramos,Lindsey Hernandez,PERSON
Rebekah Hayes,John Anderson,PERSON
Tyler Coleman,Chad Morris,PERSON
Rachel James/Abhijit Diwan SEBI,Kelly Hansen,PERSON
Terry Nunez,Katie Waters,PERSON
Monica Daugherty,James Reeves,PERSON
Katherine Thomas,Amanda Mcmillan,PERSON
Mullins-Howe Limited,Laura Richardson,PERSON
I-Sec,"Shaw, Thomas and Roberts",ORG
"the Issue, Advertising agency",Carlson LLC,ORG
International Institutional Marketing of the Issue,Reed Inc,ORG
Domestic Institutional Marketing of the Issue,Bryant-Thomas,ORG
Retail Marketing,Sims-Flores,ORG
Coordination with Stock-Exchanges,Hicks and Sons,ORG
Sponsor Banks,"Haynes, Sherman and Camacho",ORG
Coordinating with Stock Exchanges,"Ford, Jones and Turner",ORG
400 025,622 998,POSTAL_CODE
"Appasaheb Marathe Marg 
Prabhadevi",Johnsonview,LOCATION
RTA,Sullivan-Robinson,ORG
Syndicate/Sub Syndicate,"Anderson, Ryan and Young",ORG
Stewart Ltd,"Quinn, Reyes and Barron Limited",ORG
Sullivan-Robinson,Erica Young,PERSON
Young,Edgar Wolf,PERSON
Ryan,John Nelson,PERSON
an Miranda Inc Bidder,"Jefferson, Whitaker and Williams Inc.",ORG
the Miranda Inc,Hahn-Brown Inc.,ORG
Livingston LLC,"Carroll, Hopkins and Reed",ORG
Barron Limited,Klein-Ruiz Limited,ORG
Reyes,Sharon Washington,PERSON
Quinn,Sherry Taylor,PERSON
Erica Young,Jordan Martinez,PERSON
Edgar Wolf,Anthony Gill,PERSON
John Nelson,Carlos Mitchell,PERSON
Williams Inc.,"Mora, Thomas and Lewis Inc.",ORG
Whitaker,Barbara Anderson,PERSON
Lopez PLC,Ethan Foster,PERSON
Hahn-Brown Inc.,Garrison-Cook Inc.,ORG
"Carroll, Hopkins and Reed",Stewart Inc,ORG
Klein-Ruiz Limited,Francis-Blevins Limited,ORG
Sharon Washington,Benjamin Levy,PERSON
Sherry Taylor,Paul Randolph,PERSON
Jordan Martinez,David Walls,PERSON
Anthony Gill,Alexis Baker,PERSON
Carlos Mitchell,John Lopez,PERSON
Thomas and Lewis Inc.,"Jones, Collins and Welch Inc.",ORG
Mora,Kirsten Hayes,PERSON
Barbara Anderson,Brenda Carson,PERSON
Jefferson,Parksland,LOCATION
Ethan Foster,Daniel Marshall,PERSON
Garrison-Cook Inc.,Reynolds-Cunningham Inc.,ORG
Stewart Inc,Rodriguez-Rojas Inc.,ORG
+ 91 20 6729 5100,+91 20 49434487,PHONE_NUMBER
"HDFC Limited 
Karve Road",French-Glover Limited,ORG
Opposite Harshal Hall,East Cherylville,LOCATION
"September 30, 	2024","December 03, 1996",DATE
N.A.,South Donald,LOCATION
Shaniwar Peth,Ashleyville,LOCATION
Sai Complex,Christina Jones,PERSON
Hingne Tare & Associates,Stewart-White,ORG
Citibank N.A.,"Benton, Love and Clark",ORG
Export-Import Bank of India,Wilson Inc,ORG
Onyx Tower North Main,Farleyfort,LOCATION
Wilson Inc,Miller-Sandoval Inc.,ORG
Miller-Sandoval Inc.,Richardson-Simmons Inc.,ORG
411 001,556 705,POSTAL_CODE
Koregaon Park,Lake Dawn,LOCATION
556 705,629 977,POSTAL_CODE
Lake Dawn,Yangside,LOCATION
4th Floor,"Parker, Schroeder and Elliott",ORG
+91 20 6606 4494,+91 20 43183771,PHONE_NUMBER
Elliott,Melissa May,PERSON
Schroeder,Amber Davis,PERSON
Parker,Lauren Stewart,PERSON
+91 20 43183771,+91 20 43934089,PHONE_NUMBER
Bhandarkar,Amy Alexander,PERSON
Signature Building,Lopeztown,LOCATION
Amy Alexander,Deborah Villegas MD,PERSON
Lopeztown,Rodriguez Inc,ORG
New Melissachester,Gregoryview,LOCATION
Diamond Hill,Gallagherbury,LOCATION
Gen Thimmayya,Christine Nielsen,PERSON
IndusInd Bank Limited,Banks and Sons Limited,ORG
Christine Nielsen,Teresa Williamson,PERSON
Sons Limited,Kaiser-Bryan Limited,ORG
Chitra Raste,Tyler King,PERSON
Teresa Williamson,Patricia Meyer,PERSON
Kaiser-Bryan Limited,Powell-Scott Limited,ORG
Patricia Meyer,Luis Jackson,PERSON
Powell-Scott Limited,"Peterson, Lee and Bennett Limited",ORG
Luis Jackson,Bethany Anthony,PERSON
Bennett Limited,Renee Gomez,PERSON
Lee,Kevin Garcia,PERSON
Peterson,Matthew Woods,PERSON
Bethany Anthony,Matthew Murray,PERSON
Renee Gomez,Michelle Holmes,PERSON
Kevin Garcia,Taylor Moody,PERSON
Matthew Woods,Jessica Lopez,PERSON
Jones Ltd Limited,Peterson and Sons Limited,ORG
Satguru,Stephanie Fisher,PERSON
3rd Floor,Mays LLC,ORG
CBG,Rose PLC,ORG
ICICI Bank,Lowe-Armstrong,ORG
Stephanie Fisher,Jeffrey Lawrence,PERSON
Mays LLC,"Baker, Moore and Roman",ORG
Rose PLC,Duran-Gonzalez,ORG
Lowe-Armstrong,Allison and Sons,ORG
Tanishq Showroom,Tamara Jones,PERSON
House,"Ochoa, Hanson and Atkinson",ORG
Sharmila,Megan Daugherty,PERSON
+91-20-26234000,+91 20 46805275,PHONE_NUMBER
Tamara Jones,Karen Wallace,PERSON
Atkinson Next,"Mcbride, Kelly and Russell",ORG
Hanson,Elizabeth Glenn,PERSON
Ochoa,Heather Shaw,PERSON
Megan Daugherty,Julie Davis,PERSON
+91 20 46805275,+91 20 44129146,PHONE_NUMBER
Joshi,Luis Bishop,PERSON
Luis Bishop,Tony Krause,PERSON
Bund Garden Road,East Christopher,LOCATION
East Christopher,Alexis Snow,PERSON
+ 91 8879770456,+91 9745769570,PHONE_NUMBER
Gyara,Charles Farrell,PERSON
Shukla,Anna Phillips,PERSON
+91 20 6769 4648,+91 20 42405532,PHONE_NUMBER
+91 20 2561 8211,+91 20 44936319,PHONE_NUMBER
411 003,554 549,POSTAL_CODE
Tara Chambers,Carl Doyle,PERSON
Industrial Finance Branch,West LLC,ORG
State Bank of India,Browning Group,ORG
Ashish Mathew Pulloor,Stephen Martinez,PERSON
+ 91 91586 40360,+91 9495426870,PHONE_NUMBER
41l 005,[REDACTED_DATE_TIME],DATE_TIME
Sancheti Hospital Shivajinagar,Rhodes-Anderson,ORG
Kubera Chambers Opp,New Stephen,LOCATION
The Federal Bank Limited Ground Floor,Jones-Lucas Limited,ORG
Anand Soni,Nicole Cummings,PERSON
+91 20 7157 6403,+91 20 44418012,PHONE_NUMBER
"Maharashtra India 
Telephone",Copeland Group,ORG
Bajaj Finance Limited,Bowman Ltd Limited,ORG
Underwriters,Nelson-Wilson,ORG
